Net Metrekare,Oda Sayısı,Bulunduğu Kat,Banyo Sayısı,Binanın Yaşı,Binanın Kat Sayısı,Site İçerisinde,price
220.0,5.0,3.0,1,11.0,3,1.0,3.65
90.0,2.0,3.0,2,0.0,3,0.0,2.25
80.0,2.0,1.0,1,3.0,4,1.0,2.15
115.0,3.0,1.0,1,21.0,7,0.0,1.5
110.0,3.0,3.0,2,0.0,3,0.0,3.25
110.0,3.0,2.0,1,0.0,4,0.0,3.3
200.0,6.0,4.0,2,0.0,4,0.0,3.55
130.0,3.0,3.0,1,0.0,4,0.0,4.3
60.0,1.0,2.0,1,4.0,4,0.0,1.695
95.0,2.0,2.0,1,0.0,4,0.0,2.65
120.0,3.0,4.0,2,0.0,4,0.0,2.65
125.0,3.0,3.0,1,0.0,3,0.0,2.95
90.0,2.0,2.0,1,0.0,3,0.0,2.15
90.0,2.0,2.0,1,21.0,5,1.0,1.59
140.0,3.0,1.0,2,11.0,3,0.0,4.84
120.0,2.0,2.0,1,21.0,1,0.0,2.865
80.0,2.0,2.0,1,5.0,3,0.0,2.3
38.0,1.0,2.0,1,0.0,3,0.0,1.4
70.0,2.0,1.0,1,0.0,3,0.0,2.7
80.0,2.0,3.0,1,11.0,5,0.0,2.85
80.0,2.0,3.0,1,21.0,3,0.0,1.365
110.0,3.0,3.0,1,0.0,4,1.0,2.85
75.0,2.0,3.0,1,21.0,4,0.0,1.3
145.0,3.0,1.0,2,5.0,3,1.0,7.0
110.0,3.0,3.0,2,4.0,4,0.0,2.62
120.0,3.0,1.0,1,11.0,7,0.0,2.25
95.0,2.0,2.0,1,4.0,3,0.0,3.3
90.0,2.0,2.0,1,21.0,1,0.0,1.575
70.0,2.0,2.0,1,0.0,4,0.0,2.3
144.0,4.0,2.0,2,16.0,2,0.0,4.5
110.0,2.0,4.0,1,5.0,5,1.0,2.45
125.0,3.0,1.0,2,0.0,4,0.0,3.5
90.0,2.0,2.0,1,0.0,4,1.0,2.75
108.0,3.0,2.0,1,5.0,3,0.0,3.6
69.0,1.0,2.0,2,5.0,1,0.0,2.77
70.0,2.0,2.0,1,2.0,4,1.0,4.5
47.0,1.0,2.0,1,5.0,5,0.0,1.375
162.0,4.0,2.0,3,0.0,4,1.0,7.0
127.0,3.0,4.0,1,21.0,4,0.0,2.2
120.0,3.0,3.0,1,11.0,3,0.0,1.7
80.0,2.0,1.0,1,21.0,6,0.0,2.375
116.0,3.0,2.0,1,5.0,4,1.0,3.425
90.0,2.0,1.0,3,0.0,4,0.0,1.75
95.0,2.0,2.0,1,0.0,3,0.0,2.1
100.0,2.0,2.0,1,11.0,4,0.0,2.0
120.0,3.0,1.0,1,21.0,4,0.0,2.0
165.0,4.0,2.0,3,0.0,5,0.0,3.25
85.0,2.0,3.0,1,21.0,3,1.0,1.6
125.0,3.0,2.0,2,5.0,4,0.0,2.45
90.0,4.0,2.0,2,21.0,2,0.0,6.0
100.0,3.0,3.0,1,21.0,3,0.0,2.075
115.0,3.0,2.0,1,0.0,3,0.0,2.55
125.0,3.0,4.0,1,0.0,4,0.0,2.8
135.0,3.0,1.0,2,0.0,4,0.0,4.2
30.0,1.0,2.0,1,0.0,2,0.0,0.36
100.0,3.0,6.0,1,21.0,12,0.0,2.225
120.0,3.0,2.0,2,0.0,3,0.0,2.8
150.0,3.0,2.0,2,5.0,3,1.0,3.15
115.0,2.0,2.0,1,5.0,3,0.0,2.99
135.0,2.0,2.0,2,5.0,3,0.0,2.6
85.0,2.0,2.0,1,5.0,4,0.0,2.125
80.0,2.0,2.0,1,0.0,4,1.0,2.3
140.0,3.0,2.0,2,0.0,3,0.0,4.25
130.0,2.0,4.0,2,0.0,5,0.0,2.69
150.0,4.0,1.0,2,0.0,4,0.0,3.9
100.0,2.0,2.0,1,5.0,4,1.0,2.55
95.0,3.0,2.0,1,21.0,6,0.0,2.35
200.0,5.0,2.0,3,2.0,3,0.0,6.4
130.0,3.0,2.0,2,5.0,3,0.0,3.19
100.0,3.0,2.0,1,0.0,3,0.0,2.575
115.0,3.0,1.0,2,3.0,4,1.0,5.25
130.0,3.0,2.0,2,0.0,4,1.0,4.75
165.0,3.0,2.0,3,16.0,5,1.0,7.25
80.0,2.0,2.0,1,4.0,1,0.0,4.75
85.0,2.0,4.0,1,0.0,5,0.0,2.95
67.0,2.0,3.0,1,2.0,3,0.0,1.95
220.0,4.0,2.0,3,0.0,2,0.0,6.45
160.0,3.0,1.0,1,0.0,3,0.0,2.798
95.0,2.0,1.0,1,0.0,3,0.0,2.3
90.0,2.0,1.0,1,0.0,3,0.0,2.2
95.0,2.0,1.0,1,0.0,3,0.0,2.4
95.0,2.0,2.0,1,4.0,3,0.0,1.885
110.0,3.0,1.0,1,0.0,3,0.0,2.8
118.0,3.0,5.0,1,21.0,7,0.0,3.2
145.0,4.0,2.0,2,0.0,2,0.0,5.915
155.0,3.0,2.0,1,2.0,3,0.0,3.1
180.0,5.0,3.0,2,0.0,3,0.0,4.2
70.0,2.0,2.0,1,5.0,5,0.0,2.05
112.0,3.0,2.0,2,0.0,3,0.0,3.25
98.0,2.0,2.0,2,0.0,3,0.0,6.15
58.0,1.0,1.0,1,0.0,3,1.0,3.0
75.0,2.0,3.0,1,16.0,3,0.0,1.6
103.0,2.0,2.0,1,0.0,3,0.0,6.15
178.0,4.0,2.0,2,0.0,3,0.0,4.25
101.0,3.0,5.0,2,0.0,5,1.0,3.98
135.0,3.0,2.0,1,5.0,3,0.0,2.75
85.0,2.0,3.0,1,5.0,4,0.0,2.875
65.0,1.0,3.0,1,0.0,4,0.0,1.695
80.0,2.0,2.0,1,0.0,5,0.0,2.1
85.0,2.0,3.0,1,5.0,4,0.0,2.875
55.0,1.0,5.0,1,21.0,5,0.0,0.84
110.0,3.0,1.0,1,11.0,5,0.0,2.98
175.0,4.0,2.0,3,0.0,4,0.0,4.555
165.0,4.0,2.0,3,0.0,4,0.0,4.355
85.0,2.0,2.0,1,0.0,4,0.0,2.549
85.0,2.0,2.0,1,0.0,4,0.0,2.55
127.0,3.0,5.0,1,21.0,5,0.0,1.84
100.0,2.0,2.0,1,0.0,3,0.0,2.25
132.0,3.0,2.0,1,5.0,4,0.0,3.75
88.0,2.0,2.0,1,0.0,4,1.0,2.55
210.0,4.0,4.0,2,11.0,4,0.0,7.0
105.0,3.0,2.0,2,0.0,3,0.0,2.675
85.0,2.0,4.0,1,21.0,4,0.0,2.65
130.0,3.0,1.0,1,5.0,2,0.0,2.26
120.0,3.0,4.0,1,0.0,4,0.0,2.52
115.0,4.0,3.0,1,11.0,3,0.0,3.8
80.0,2.0,1.0,1,0.0,4,0.0,2.85
80.0,2.0,2.0,1,0.0,5,0.0,2.25
90.0,2.0,1.0,1,0.0,4,0.0,3.6
80.0,2.0,2.0,1,0.0,4,0.0,2.75
170.0,4.0,2.0,2,5.0,4,0.0,3.2
125.0,3.0,2.0,1,11.0,6,0.0,3.0
190.0,5.0,4.0,2,0.0,4,0.0,3.79
90.0,2.0,2.0,2,5.0,3,0.0,2.63
139.0,3.0,2.0,2,0.0,4,1.0,5.9
130.0,3.0,2.0,1,0.0,1,0.0,4.5
30.0,1.0,2.0,1,0.0,2,0.0,0.36
175.0,4.0,3.0,2,3.0,4,1.0,10.0
148.0,3.0,3.0,2,5.0,5,0.0,5.5
120.0,3.0,2.0,1,5.0,3,0.0,2.297
90.0,2.0,2.0,1,4.0,3,0.0,2.5
142.0,3.0,5.0,1,11.0,9,1.0,2.65
60.0,2.0,2.0,1,5.0,4,0.0,2.25
65.0,2.0,2.0,1,3.0,5,0.0,1.85
100.0,3.0,2.0,1,11.0,5,0.0,2.73
75.0,2.0,2.0,2,11.0,5,0.0,1.45
220.0,4.0,3.0,2,5.0,4,0.0,5.6
85.0,2.0,3.0,1,3.0,4,1.0,2.95
120.0,3.0,1.0,1,0.0,3,0.0,2.42
178.0,4.0,2.0,3,3.0,1,1.0,25.0
75.0,2.0,2.0,1,5.0,5,0.0,1.75
115.0,3.0,3.0,1,5.0,3,1.0,2.45
85.0,2.0,2.0,1,0.0,3,1.0,2.65
180.0,3.0,3.0,2,2.0,4,1.0,4.1
80.0,2.0,2.0,1,11.0,4,0.0,1.7
140.0,4.0,4.0,2,21.0,4,0.0,1.43
80.0,2.0,2.0,1,21.0,4,0.0,1.95
100.0,2.0,2.0,1,5.0,4,1.0,2.88
115.0,3.0,3.0,2,0.0,3,0.0,2.9
118.0,3.0,2.0,1,21.0,7,0.0,2.9
95.0,2.0,3.0,1,0.0,4,0.0,2.65
50.0,1.0,1.0,1,5.0,3,0.0,1.55
90.0,2.0,3.0,1,0.0,3,0.0,2.45
90.0,2.0,2.0,1,0.0,3,0.0,2.85
225.0,5.0,3.0,3,11.0,3,0.0,8.5
150.0,3.0,2.0,1,5.0,4,0.0,3.25
90.0,2.0,2.0,1,0.0,5,0.0,2.99
160.0,3.0,3.0,2,4.0,3,1.0,5.85
120.0,3.0,2.0,2,0.0,2,0.0,3.6
170.0,4.0,5.0,1,0.0,5,0.0,5.25
95.0,2.0,2.0,1,0.0,3,0.0,2.3
170.0,4.0,5.0,1,0.0,5,0.0,5.25
140.0,3.0,2.0,2,2.0,3,1.0,3.2
83.0,2.0,1.0,1,21.0,4,0.0,0.6
280.0,4.0,2.0,3,11.0,3,0.0,11.0
67.0,2.0,2.0,1,0.0,3,0.0,1.99
175.0,3.0,3.0,1,0.0,3,0.0,7.125
180.0,4.0,4.0,2,5.0,4,0.0,3.5
135.0,3.0,2.0,1,5.0,5,0.0,2.85
140.0,3.0,2.0,2,0.0,3,0.0,3.1
150.0,3.0,1.0,1,0.0,4,0.0,3.5
130.0,3.0,2.0,1,11.0,3,0.0,2.69
80.0,2.0,4.0,1,5.0,4,0.0,1.67
150.0,3.0,2.0,2,5.0,3,1.0,2.8
90.0,2.0,3.0,1,0.0,4,0.0,3.1
103.0,3.0,7.0,2,11.0,14,1.0,3.25
95.0,2.0,4.0,1,11.0,4,0.0,2.49
110.0,3.0,2.0,1,5.0,3,0.0,2.525
120.0,3.0,3.0,1,11.0,5,0.0,3.15
112.0,3.0,2.0,2,5.0,5,1.0,3.1
75.0,2.0,3.0,1,21.0,3,0.0,1.435
125.0,3.0,2.0,1,5.0,2,0.0,2.55
85.0,2.0,2.0,1,5.0,4,0.0,2.8
70.0,2.0,1.0,1,0.0,3,0.0,1.995
115.0,3.0,2.0,1,0.0,3,0.0,2.499999
65.0,1.0,3.0,1,5.0,4,1.0,1.49
100.0,3.0,3.0,1,16.0,12,0.0,2.135
95.0,2.0,4.0,1,21.0,6,0.0,1.69
90.0,2.0,3.0,1,0.0,3,0.0,2.15
150.0,3.0,3.0,2,0.0,3,1.0,3.95
95.0,2.0,1.0,1,5.0,3,0.0,1.85
95.0,2.0,9.0,1,5.0,9,1.0,2.375
58.0,1.0,2.0,1,0.0,4,0.0,1.65
88.0,2.0,1.0,1,3.0,4,0.0,2.525
98.0,3.0,2.0,1,0.0,3,0.0,3.1
125.0,3.0,2.0,1,0.0,3,0.0,2.9
293.0,5.0,2.0,2,16.0,2,0.0,2.5
125.0,3.0,2.0,1,11.0,3,0.0,2.76
110.0,3.0,3.0,1,21.0,3,0.0,3.3
66.0,2.0,3.0,1,0.0,4,1.0,2.5
520.0,3.0,2.0,1,2.0,2,1.0,7.5
80.0,2.0,6.0,1,11.0,6,0.0,2.1
120.0,2.0,5.0,1,4.0,5,1.0,3.275
105.0,3.0,4.0,2,21.0,8,0.0,3.7
110.0,3.0,2.0,1,11.0,5,1.0,2.05
120.0,3.0,6.0,1,11.0,6,0.0,2.45
110.0,3.0,2.0,1,5.0,3,1.0,3.1
145.0,3.0,2.0,1,5.0,3,0.0,2.28
120.0,3.0,2.0,1,11.0,3,0.0,2.15
90.0,2.0,4.0,1,21.0,4,0.0,2.69
82.0,1.0,2.0,1,11.0,3,0.0,1.64
110.0,3.0,1.0,1,21.0,4,0.0,3.75
95.0,2.0,2.0,1,21.0,3,0.0,1.65
85.0,2.0,2.0,2,11.0,3,1.0,2.9
85.0,2.0,2.0,1,5.0,4,0.0,2.95
85.0,2.0,2.0,1,21.0,4,0.0,3.75
139.0,3.0,2.0,2,0.0,4,1.0,5.7
85.0,2.0,2.0,1,3.0,4,0.0,1.875
90.0,3.0,8.0,1,21.0,8,0.0,1.75
125.0,3.0,2.0,1,5.0,3,0.0,2.57
90.0,2.0,2.0,1,2.0,3,0.0,2.05
160.0,3.0,3.0,2,4.0,3,1.0,5.8
70.0,1.0,2.0,1,4.0,4,1.0,2.275
80.0,2.0,2.0,1,21.0,5,0.0,1.7
100.0,3.0,2.0,1,0.0,3,0.0,2.7
75.0,2.0,1.0,1,0.0,2,0.0,2.75
130.0,3.0,2.0,2,4.0,3,1.0,6.5
125.0,3.0,2.0,2,5.0,3,1.0,2.9
80.0,2.0,1.0,1,0.0,3,0.0,2.1
174.0,4.0,3.0,2,0.0,3,1.0,8.2
139.0,3.0,2.0,2,11.0,5,1.0,3.2
135.0,3.0,3.0,1,0.0,3,0.0,3.1
120.0,3.0,3.0,1,0.0,4,0.0,3.0
80.0,2.0,1.0,1,0.0,4,0.0,2.5
85.0,2.0,3.0,1,0.0,4,0.0,2.75
95.0,3.0,2.0,1,0.0,5,0.0,3.1
110.0,3.0,2.0,1,0.0,4,0.0,3.75
100.0,2.0,2.0,1,0.0,4,0.0,2.25
85.0,2.0,2.0,1,0.0,4,0.0,2.3
60.0,1.0,2.0,1,5.0,4,0.0,1.45
145.0,4.0,4.0,2,0.0,4,0.0,3.8
95.0,3.0,1.0,1,1.0,4,0.0,2.55
95.0,2.0,3.0,2,5.0,5,0.0,2.55
85.0,2.0,2.0,1,11.0,4,0.0,1.84
120.0,2.0,2.0,2,0.0,4,0.0,3.15
165.0,4.0,1.0,1,0.0,5,0.0,2.85
110.0,3.0,2.0,1,16.0,4,0.0,1.55
75.0,2.0,2.0,1,0.0,4,0.0,2.3
120.0,2.0,2.0,1,0.0,4,0.0,2.5
97.0,3.0,2.0,1,4.0,4,0.0,2.5
120.0,3.0,5.0,1,0.0,5,0.0,2.75
100.0,2.0,2.0,1,0.0,3,0.0,2.45
140.0,3.0,4.0,1,2.0,4,0.0,2.75
110.0,3.0,3.0,1,0.0,4,0.0,2.55
120.0,3.0,3.0,1,0.0,4,0.0,3.0
180.0,4.0,6.0,2,11.0,6,0.0,4.65
90.0,2.0,2.0,1,11.0,4,0.0,1.47
100.0,3.0,2.0,1,0.0,4,0.0,2.27
130.0,3.0,2.0,1,3.0,2,0.0,2.75
120.0,3.0,4.0,1,16.0,4,0.0,6.5
160.0,3.0,2.0,1,11.0,3,1.0,3.375
90.0,2.0,1.0,1,0.0,2,0.0,2.35
100.0,2.0,1.0,1,0.0,3,0.0,2.55
80.0,2.0,2.0,1,5.0,4,0.0,1.85
140.0,3.0,2.0,1,0.0,3,0.0,3.2
100.0,2.0,2.0,1,21.0,4,0.0,1.75
100.0,3.0,1.0,1,0.0,3,0.0,3.25
80.0,2.0,2.0,1,0.0,3,0.0,2.25
90.0,3.0,2.0,1,5.0,4,0.0,2.28
80.0,2.0,2.0,1,5.0,2,0.0,4.3
120.0,3.0,3.0,1,0.0,4,0.0,3.95
120.0,3.0,3.0,2,0.0,4,0.0,3.9
115.0,3.0,3.0,2,3.0,5,0.0,2.95
115.0,3.0,2.0,1,0.0,4,0.0,3.1
110.0,3.0,2.0,1,0.0,4,0.0,3.3
110.0,3.0,2.0,1,0.0,4,0.0,2.65
85.0,2.0,3.0,1,0.0,4,0.0,2.3
190.0,4.0,4.0,1,0.0,4,0.0,3.7
120.0,3.0,1.0,1,0.0,3,0.0,2.9
110.0,3.0,2.0,1,0.0,4,0.0,3.55
25.0,3.0,4.0,1,1.0,5,0.0,3.0
63.0,2.0,3.0,1,0.0,9,1.0,3.0
125.0,3.0,2.0,1,0.0,5,0.0,2.75
80.0,2.0,2.0,2,0.0,2,1.0,5.95
180.0,3.0,3.0,2,5.0,4,1.0,4.55
111.0,3.0,2.0,1,0.0,4,1.0,4.25
75.0,2.0,1.0,1,1.0,7,0.0,1.7
115.0,3.0,3.0,2,0.0,4,1.0,3.96
92.0,2.0,2.0,1,0.0,4,1.0,3.8
60.0,1.0,1.0,1,5.0,3,1.0,1.78
155.0,4.0,2.0,3,0.0,3,0.0,3.25
94.0,2.0,6.0,1,0.0,8,0.0,2.875
115.0,3.0,5.0,1,21.0,5,1.0,2.1
150.0,4.0,3.0,2,0.0,3,0.0,3.35
125.0,3.0,2.0,1,0.0,2,0.0,3.35
85.0,2.0,2.0,1,21.0,4,0.0,1.45
100.0,2.0,3.0,2,0.0,4,0.0,2.32
110.0,3.0,2.0,2,0.0,4,0.0,2.0
120.0,2.0,2.0,1,0.0,3,0.0,3.1
110.0,2.0,4.0,2,1.0,4,0.0,6.25
120.0,3.0,1.0,1,21.0,5,0.0,1.45
80.0,2.0,1.0,1,5.0,5,0.0,3.75
130.0,4.0,4.0,1,0.0,4,0.0,3.6
200.0,5.0,5.0,2,2.0,5,0.0,0.02
180.0,4.0,5.0,2,0.0,5,0.0,3.3
75.0,2.0,2.0,1,0.0,4,0.0,2.35
120.0,3.0,2.0,1,5.0,3,0.0,2.35
120.0,3.0,6.0,1,21.0,7,0.0,3.65
115.0,3.0,2.0,1,21.0,4,0.0,1.6
110.0,2.0,2.0,1,0.0,2,0.0,2.75
149.0,4.0,1.0,1,5.0,3,1.0,3.77
100.0,3.0,1.0,1,21.0,3,0.0,2.25
65.0,1.0,2.0,1,0.0,3,0.0,1.85
77.0,2.0,1.0,1,11.0,7,1.0,1.65
105.0,2.0,5.0,1,0.0,5,0.0,2.575
95.0,3.0,2.0,1,0.0,4,0.0,2.0
175.0,4.0,4.0,2,3.0,4,0.0,3.795
150.0,3.0,4.0,2,0.0,4,0.0,2.945
100.0,2.0,2.0,2,5.0,4,0.0,2.8
140.0,3.0,4.0,1,0.0,4,0.0,2.79
110.0,2.0,2.0,2,0.0,4,0.0,2.8
80.0,2.0,2.0,1,5.0,4,0.0,2.2
85.0,2.0,2.0,1,21.0,4,0.0,1.38
90.0,2.0,2.0,1,0.0,4,0.0,2.735
105.0,3.0,3.0,2,5.0,5,0.0,2.9
80.0,2.0,2.0,1,5.0,4,0.0,2.15
130.0,3.0,2.0,1,11.0,5,1.0,3.0
75.0,2.0,2.0,1,21.0,4,0.0,1.25
140.0,3.0,3.0,2,5.0,4,0.0,5.2
90.0,2.0,2.0,1,0.0,3,0.0,3.0
95.0,1.0,2.0,0,21.0,3,0.0,4.95
50.0,1.0,2.0,1,5.0,3,0.0,1.95
120.0,3.0,4.0,2,5.0,5,1.0,3.085
270.0,5.0,2.0,2,21.0,7,0.0,1.6
100.0,3.0,2.0,1,1.0,3,0.0,3.35
125.0,3.0,3.0,1,5.0,4,0.0,5.65
105.0,2.0,3.0,1,1.0,4,0.0,2.48
115.0,3.0,2.0,1,21.0,9,1.0,2.15
130.0,3.0,2.0,1,4.0,3,0.0,6.4
160.0,4.0,2.0,1,0.0,3,0.0,3.5
51.0,1.0,2.0,1,0.0,6,1.0,4.158359
80.0,2.0,2.0,1,0.0,3,0.0,2.35
145.0,3.0,1.0,1,3.0,3,0.0,2.65
100.0,3.0,2.0,1,3.0,2,0.0,2.45
110.0,3.0,1.0,1,0.0,3,0.0,2.9
190.0,4.0,4.0,2,5.0,4,0.0,4.0
110.0,2.0,3.0,2,0.0,8,1.0,4.5
90.0,2.0,2.0,1,0.0,4,0.0,2.15
125.0,3.0,2.0,1,0.0,3,0.0,3.75
150.0,3.0,2.0,1,0.0,3,0.0,4.0
165.0,3.0,2.0,2,5.0,4,1.0,3.3
175.0,4.0,2.0,2,0.0,3,0.0,4.35
150.0,3.0,3.0,1,4.0,4,0.0,4.55
200.0,2.0,3.0,1,5.0,3,0.0,3.75
130.0,3.0,2.0,1,21.0,4,0.0,2.6
75.0,2.0,2.0,1,0.0,3,0.0,2.33
160.0,4.0,1.0,2,0.0,5,0.0,2.95
90.0,2.0,3.0,1,0.0,5,0.0,2.4
165.0,3.0,2.0,2,0.0,3,0.0,3.95
110.0,3.0,1.0,1,0.0,5,0.0,3.2
150.0,4.0,4.0,1,4.0,4,0.0,3.2
80.0,2.0,2.0,2,0.0,5,0.0,2.6
105.0,3.0,3.0,1,0.0,5,0.0,3.1
120.0,3.0,2.0,1,0.0,4,0.0,3.1
65.0,2.0,2.0,1,0.0,4,0.0,1.85
85.0,2.0,2.0,1,0.0,4,0.0,2.35
85.0,2.0,1.0,1,5.0,8,1.0,3.5
85.0,2.0,3.0,1,0.0,4,0.0,2.89
110.0,3.0,3.0,1,0.0,4,0.0,2.75
85.0,2.0,1.0,1,5.0,4,0.0,2.33
140.0,4.0,2.0,3,0.0,4,0.0,3.1
110.0,3.0,2.0,1,0.0,4,0.0,2.85
110.0,2.0,4.0,1,0.0,4,0.0,2.25
220.0,5.0,5.0,2,0.0,5,0.0,4.0
165.0,4.0,1.0,1,0.0,5,0.0,2.85
75.0,2.0,2.0,1,4.0,5,0.0,1.87
160.0,3.0,4.0,2,0.0,4,0.0,3.25
125.0,3.0,3.0,1,0.0,5,0.0,3.5
85.0,2.0,4.0,1,5.0,4,0.0,3.45
80.0,2.0,2.0,1,0.0,4,0.0,2.5
85.0,2.0,2.0,1,0.0,5,0.0,2.75
85.0,2.0,4.0,1,0.0,5,0.0,2.9
240.0,5.0,4.0,2,4.0,4,0.0,3.85
80.0,2.0,1.0,1,4.0,4,0.0,2.425
160.0,4.0,4.0,1,5.0,4,0.0,3.0
110.0,3.0,3.0,1,0.0,5,0.0,3.5
90.0,2.0,2.0,1,4.0,6,0.0,2.5
115.0,3.0,3.0,1,0.0,4,0.0,2.87
160.0,4.0,4.0,2,0.0,5,0.0,3.6
100.0,3.0,2.0,2,0.0,3,0.0,2.875
90.0,2.0,3.0,1,5.0,4,0.0,2.65
180.0,5.0,2.0,4,0.0,2,0.0,11.67
130.0,3.0,3.0,2,0.0,3,0.0,3.425
120.0,3.0,3.0,2,0.0,5,0.0,3.55
158.0,3.0,2.0,2,0.0,3,0.0,3.8
100.0,3.0,1.0,1,5.0,3,0.0,4.25
115.0,3.0,2.0,1,0.0,4,1.0,3.4
145.0,3.0,2.0,1,0.0,3,0.0,3.0
170.0,4.0,3.0,2,0.0,4,0.0,3.4
130.0,3.0,3.0,1,0.0,3,0.0,3.15
95.0,2.0,2.0,1,0.0,4,0.0,2.35
110.0,3.0,3.0,1,0.0,4,1.0,3.0
80.0,2.0,5.0,1,4.0,6,1.0,1.95
140.0,3.0,4.0,2,0.0,5,0.0,3.75
125.0,3.0,5.0,1,16.0,5,1.0,2.05
112.0,3.0,2.0,1,0.0,3,0.0,3.65
105.0,3.0,2.0,1,0.0,3,0.0,2.875
135.0,3.0,3.0,1,0.0,3,0.0,3.75
100.0,3.0,3.0,2,0.0,4,1.0,3.99
95.0,2.0,4.0,1,21.0,7,0.0,2.8
95.0,2.0,3.0,1,0.0,4,1.0,3.55
55.0,2.0,2.0,1,0.0,3,0.0,2.75
80.0,2.0,2.0,1,0.0,3,0.0,2.25
130.0,3.0,3.0,1,3.0,5,0.0,2.92
98.0,2.0,2.0,1,5.0,4,0.0,2.3
110.0,2.0,3.0,2,0.0,3,0.0,2.625
80.0,2.0,2.0,1,4.0,3,0.0,2.25
120.0,2.0,2.0,1,0.0,4,0.0,1.999
102.0,3.0,1.0,2,0.0,3,0.0,2.79
110.0,3.0,2.0,1,0.0,4,0.0,3.0
145.0,3.0,2.0,1,21.0,4,0.0,2.05
110.0,3.0,2.0,1,0.0,4,0.0,3.1
85.0,2.0,4.0,1,21.0,4,0.0,1.69
110.0,3.0,2.0,2,0.0,3,0.0,3.348
145.0,4.0,2.0,2,0.0,4,0.0,3.5
95.0,2.0,4.0,1,4.0,7,0.0,4.25
244.0,1.0,2.0,0,21.0,4,0.0,4.5
95.0,2.0,3.0,1,0.0,3,0.0,2.2
140.0,3.0,1.0,2,0.0,3,0.0,3.1
140.0,3.0,3.0,1,5.0,3,0.0,2.75
157.0,3.0,2.0,2,5.0,3,1.0,3.35
110.0,3.0,3.0,1,4.0,4,0.0,3.125
75.0,2.0,1.0,1,0.0,4,0.0,2.37
190.0,4.0,3.0,1,2.0,3,0.0,3.7
85.0,2.0,3.0,1,0.0,4,1.0,3.4
85.0,2.0,3.0,1,0.0,4,1.0,3.35
90.0,2.0,2.0,1,5.0,3,0.0,2.15
79.0,2.0,2.0,1,0.0,4,0.0,2.299999
60.0,1.0,2.0,1,5.0,3,0.0,1.545
125.0,3.0,4.0,1,21.0,5,1.0,1.695
91.0,3.0,2.0,1,5.0,4,0.0,2.85
220.0,4.0,4.0,3,11.0,4,0.0,3.85
85.0,3.0,1.0,1,11.0,14,0.0,2.15
10.0,3.0,1.0,1,4.0,3,1.0,3.3
145.0,3.0,2.0,2,11.0,2,0.0,2.7
110.0,3.0,2.0,1,0.0,3,0.0,2.95
85.0,2.0,2.0,1,21.0,3,0.0,2.99
192.0,2.0,2.0,0,3.0,3,0.0,9.75
80.0,2.0,3.0,1,16.0,3,0.0,1.699
110.0,3.0,1.0,1,5.0,3,0.0,2.8
85.0,2.0,2.0,1,0.0,3,0.0,2.045
157.0,3.0,2.0,2,5.0,5,1.0,4.995
100.0,2.0,1.0,1,11.0,3,0.0,2.77
100.0,2.0,2.0,1,0.0,4,0.0,2.31
80.0,2.0,1.0,1,5.0,5,0.0,1.82
90.0,2.0,4.0,1,16.0,4,0.0,0.99
85.0,2.0,2.0,1,5.0,4,0.0,1.92
90.0,2.0,2.0,1,5.0,5,0.0,1.59
220.0,4.0,5.0,2,0.0,5,0.0,3.8
70.0,2.0,2.0,1,2.0,5,0.0,2.3
90.0,2.0,2.0,1,0.0,5,0.0,2.6
80.0,2.0,2.0,1,0.0,5,0.0,2.17
170.0,3.0,9.0,2,4.0,9,1.0,5.8
70.0,2.0,2.0,1,0.0,3,0.0,2.39
90.0,2.0,4.0,1,5.0,4,0.0,2.0
100.0,3.0,2.0,2,0.0,4,0.0,2.7
130.0,4.0,4.0,2,0.0,4,0.0,4.0
120.0,3.0,7.0,1,5.0,7,1.0,4.25
100.0,3.0,2.0,1,4.0,4,0.0,2.15
125.0,3.0,3.0,2,4.0,9,1.0,4.75
230.0,4.0,2.0,2,0.0,5,0.0,7.85
250.0,5.0,6.0,2,5.0,6,0.0,4.1
135.0,3.0,2.0,1,0.0,4,0.0,3.65
90.0,2.0,3.0,1,0.0,4,0.0,2.7
145.0,3.0,2.0,1,0.0,3,0.0,3.25
145.0,3.0,3.0,2,0.0,6,1.0,4.25
98.0,2.0,2.0,1,0.0,3,0.0,3.15
135.0,2.0,3.0,1,0.0,3,0.0,3.55
120.0,2.0,2.0,1,0.0,3,0.0,2.65
120.0,2.0,2.0,1,0.0,3,0.0,2.65
107.0,2.0,3.0,2,0.0,3,0.0,2.75
75.0,2.0,2.0,1,21.0,6,0.0,1.15
180.0,4.0,4.0,1,0.0,4,0.0,4.85
90.0,2.0,3.0,1,0.0,4,0.0,2.6
125.0,3.0,4.0,2,0.0,5,0.0,3.85
90.0,2.0,1.0,1,0.0,3,0.0,2.25
105.0,2.0,3.0,1,0.0,3,0.0,2.1
310.0,1.0,2.0,0,21.0,3,0.0,7.5
70.0,2.0,2.0,1,16.0,2,0.0,1.75
130.0,3.0,2.0,1,3.0,3,0.0,2.55
60.0,1.0,2.0,1,11.0,9,1.0,1.825
120.0,3.0,2.0,1,0.0,4,0.0,3.3
100.0,2.0,2.0,1,4.0,4,0.0,1.86
125.0,3.0,1.0,2,0.0,3,0.0,3.75
90.0,2.0,2.0,1,0.0,4,0.0,2.6
90.0,2.0,2.0,1,0.0,3,0.0,2.7
95.0,2.0,2.0,2,5.0,5,0.0,1.8
90.0,2.0,2.0,1,0.0,4,0.0,2.5
90.0,2.0,3.0,1,0.0,4,0.0,2.54
165.0,4.0,3.0,2,5.0,3,0.0,6.6
150.0,4.0,4.0,2,0.0,4,0.0,3.95
130.0,3.0,2.0,1,3.0,3,0.0,2.55
180.0,4.0,2.0,1,0.0,5,0.0,6.25
200.0,4.0,5.0,2,0.0,5,0.0,4.0
90.0,2.0,4.0,1,0.0,4,0.0,2.7
110.0,3.0,5.0,2,4.0,5,0.0,3.0
170.0,4.0,2.0,2,0.0,4,0.0,3.3
105.0,2.0,1.0,1,0.0,5,0.0,2.3
120.0,3.0,6.0,1,21.0,8,1.0,2.9
125.0,3.0,2.0,1,11.0,3,0.0,4.35
90.0,2.0,2.0,1,0.0,4,0.0,3.0
180.0,4.0,2.0,1,0.0,4,0.0,2.85
120.0,3.0,2.0,1,0.0,4,0.0,3.6
180.0,4.0,4.0,2,0.0,4,0.0,4.45
110.0,3.0,2.0,1,0.0,5,0.0,3.35
75.0,2.0,2.0,1,1.0,5,0.0,1.72
170.0,4.0,4.0,1,0.0,4,0.0,3.75
90.0,2.0,3.0,1,11.0,5,0.0,2.75
75.0,2.0,2.0,1,5.0,4,0.0,2.45
80.0,2.0,2.0,1,0.0,4,0.0,2.18
90.0,2.0,2.0,1,0.0,4,0.0,1.98
80.0,2.0,3.0,1,4.0,5,0.0,2.6
135.0,3.0,4.0,1,21.0,7,0.0,2.48
85.0,2.0,3.0,1,0.0,4,0.0,2.44
130.0,3.0,3.0,1,0.0,4,0.0,3.6
90.0,2.0,2.0,2,2.0,4,0.0,2.5
100.0,2.0,5.0,2,3.0,5,0.0,2.43
120.0,3.0,3.0,1,0.0,5,1.0,3.4
120.0,3.0,3.0,1,0.0,5,0.0,2.8
105.0,3.0,2.0,1,0.0,3,0.0,2.85
120.0,3.0,2.0,2,3.0,4,0.0,2.65
100.0,2.0,4.0,1,0.0,4,0.0,2.7
85.0,2.0,4.0,1,0.0,5,0.0,2.5
140.0,4.0,2.0,2,0.0,4,0.0,3.5
244.0,3.0,2.0,1,21.0,1,0.0,3.45
90.0,2.0,3.0,1,0.0,4,0.0,3.0
130.0,3.0,2.0,1,0.0,4,0.0,3.4
130.0,3.0,2.0,2,0.0,9,1.0,3.0
175.0,3.0,4.0,2,0.0,4,1.0,3.8
152.0,3.0,2.0,2,0.0,4,1.0,3.3
165.0,3.0,2.0,2,0.0,3,0.0,2.625
165.0,3.0,2.0,2,0.0,3,0.0,3.25
150.0,4.0,2.0,2,0.0,5,0.0,3.2
350.0,7.0,2.0,3,0.0,3,0.0,22.0
130.0,3.0,2.0,1,0.0,3,0.0,2.65
150.0,3.0,2.0,1,5.0,3,0.0,3.0
160.0,4.0,2.0,2,3.0,7,0.0,4.65
59.0,1.0,2.0,1,0.0,3,0.0,1.675
79.0,2.0,2.0,1,0.0,3,1.0,2.199999
170.0,4.0,3.0,1,3.0,3,0.0,2.999999
85.0,2.0,2.0,1,0.0,4,0.0,2.1
100.0,3.0,2.0,1,0.0,4,0.0,2.2
130.0,3.0,1.0,1,5.0,4,0.0,2.6
85.0,2.0,1.0,1,0.0,5,0.0,2.0
60.0,2.0,4.0,1,21.0,6,0.0,1.275
200.0,5.0,3.0,2,0.0,3,0.0,4.58
120.0,3.0,3.0,1,21.0,6,0.0,2.35
130.0,3.0,2.0,2,4.0,4,0.0,2.6
120.0,3.0,2.0,1,11.0,4,0.0,2.2
124.0,3.0,6.0,2,0.0,9,1.0,4.5
85.0,2.0,2.0,1,0.0,3,0.0,2.63
110.0,2.0,2.0,1,0.0,4,0.0,2.35
97.0,2.0,2.0,1,0.0,3,0.0,2.7
95.0,3.0,2.0,1,0.0,4,0.0,3.75
90.0,2.0,2.0,1,0.0,4,0.0,1.985
105.0,2.0,3.0,1,0.0,4,0.0,2.13
200.0,6.0,2.0,2,16.0,4,0.0,4.499
110.0,3.0,2.0,1,5.0,3,0.0,2.895
85.0,2.0,3.0,1,0.0,4,0.0,2.499
93.0,2.0,2.0,1,0.0,3,1.0,3.0
198.0,8.0,2.0,4,16.0,3,0.0,4.25
112.0,3.0,4.0,1,21.0,7,1.0,2.1
120.0,3.0,2.0,1,0.0,3,1.0,3.8
65.0,2.0,2.0,1,21.0,8,0.0,2.2
140.0,3.0,2.0,2,5.0,3,0.0,4.25
85.0,2.0,2.0,1,4.0,3,0.0,2.45
179.0,3.0,2.0,2,0.0,2,0.0,4.0
140.0,3.0,2.0,2,21.0,2,1.0,8.49
88.0,3.0,1.0,1,1.0,3,0.0,2.59
400.0,6.0,2.0,4,16.0,4,0.0,15.0
45.0,2.0,2.0,1,0.0,1,0.0,0.65
200.0,4.0,3.0,2,5.0,3,0.0,7.585
130.0,3.0,2.0,1,21.0,5,0.0,1.85
175.0,3.0,2.0,2,0.0,5,1.0,3.5
175.0,3.0,2.0,2,0.0,5,1.0,3.75
80.0,2.0,2.0,1,0.0,3,0.0,1.775
100.0,3.0,3.0,1,21.0,4,0.0,1.85
80.0,2.0,2.0,1,1.0,3,1.0,1.9
145.0,3.0,2.0,2,0.0,3,0.0,2.63
105.0,3.0,2.0,1,11.0,9,1.0,2.49
135.0,3.0,4.0,2,5.0,4,0.0,3.5
95.0,3.0,2.0,1,0.0,3,0.0,2.695
90.0,2.0,3.0,1,5.0,4,0.0,3.0
110.0,3.0,3.0,1,21.0,13,0.0,2.95
100.0,2.0,6.0,1,11.0,10,1.0,2.9
85.0,2.0,2.0,1,16.0,3,1.0,2.0
120.0,3.0,2.0,2,5.0,3,0.0,2.35
95.0,3.0,1.0,1,0.0,3,0.0,2.75
100.0,2.0,3.0,1,5.0,4,0.0,2.25
120.0,3.0,1.0,1,21.0,5,1.0,1.95
95.0,2.0,2.0,1,5.0,5,1.0,2.3
235.0,1.0,2.0,0,21.0,3,0.0,7.55
120.0,2.0,2.0,1,0.0,3,0.0,2.549
120.0,3.0,2.0,2,0.0,3,0.0,2.949
105.0,3.0,3.0,2,0.0,4,1.0,5.5
120.0,3.0,1.0,1,21.0,5,1.0,2.25
130.0,3.0,2.0,1,21.0,5,0.0,3.15
120.0,2.0,3.0,1,0.0,3,0.0,2.1
160.0,4.0,3.0,1,5.0,4,0.0,3.35
80.0,2.0,1.0,1,0.0,4,1.0,6.25
187.0,3.0,4.0,2,0.0,4,0.0,3.8
57.0,1.0,2.0,1,0.0,4,1.0,2.75
110.0,3.0,2.0,1,0.0,4,0.0,2.445
130.0,3.0,2.0,2,0.0,3,0.0,2.95
105.0,3.0,4.0,1,21.0,5,1.0,1.51
145.0,3.0,3.0,1,0.0,3,0.0,2.55
120.0,3.0,3.0,1,5.0,5,0.0,2.85
150.0,5.0,4.0,2,0.0,5,0.0,5.5
165.0,4.0,2.0,2,16.0,5,0.0,2.75
90.0,2.0,2.0,1,0.0,3,0.0,2.1
110.0,3.0,1.0,1,21.0,4,0.0,2.5
130.0,3.0,3.0,1,5.0,3,0.0,2.45
196.0,3.0,2.0,1,21.0,2,0.0,13.5
180.0,6.0,4.0,2,0.0,5,0.0,6.0
100.0,2.0,2.0,1,2.0,3,0.0,2.95
140.0,3.0,1.0,1,4.0,4,0.0,4.0
220.0,4.0,2.0,1,21.0,2,0.0,1.8
100.0,2.0,4.0,1,21.0,5,0.0,1.9
120.0,3.0,2.0,1,0.0,3,0.0,3.175
120.0,3.0,2.0,2,0.0,3,1.0,3.25
110.0,3.0,2.0,1,11.0,4,1.0,1.975
100.0,3.0,1.0,1,11.0,3,0.0,1.95
215.0,5.0,4.0,3,11.0,4,0.0,3.65
260.0,6.0,2.0,2,3.0,4,1.0,12.5
135.0,3.0,2.0,1,0.0,4,0.0,2.95
500.0,8.0,2.0,6,0.0,4,0.0,16.0
100.0,3.0,2.0,1,21.0,1,0.0,5.0
150.0,3.0,2.0,1,0.0,3,0.0,4.1
100.0,2.0,2.0,2,4.0,4,1.0,3.4
85.0,2.0,3.0,1,11.0,6,0.0,2.32
224.0,4.0,7.0,2,11.0,7,0.0,9.0
275.0,5.0,2.0,4,0.0,2,0.0,18.5
75.0,2.0,1.0,1,11.0,7,0.0,1.94
130.0,3.0,1.0,1,11.0,10,0.0,2.95
130.0,3.0,4.0,1,11.0,9,0.0,2.78
120.0,4.0,1.0,2,11.0,5,0.0,3.5
120.0,2.0,6.0,1,11.0,6,0.0,2.1
70.0,2.0,2.0,1,5.0,4,0.0,2.98
150.0,4.0,2.0,3,0.0,2,0.0,13.5
160.0,4.0,3.0,2,16.0,7,0.0,3.24
235.0,4.0,2.0,2,21.0,2,0.0,5.9
80.0,2.0,2.0,1,5.0,3,0.0,2.15
280.0,4.0,2.0,3,0.0,2,1.0,14.5
98.0,3.0,3.0,1,2.0,4,0.0,2.95
85.0,2.0,3.0,1,16.0,3,0.0,1.68
119.0,3.0,2.0,2,5.0,3,1.0,4.25
180.0,4.0,3.0,1,5.0,3,0.0,4.15
100.0,4.0,2.0,3,5.0,1,0.0,1.43
120.0,2.0,3.0,1,0.0,3,0.0,2.29
70.0,1.0,2.0,1,5.0,4,1.0,1.8
130.0,3.0,1.0,2,0.0,4,0.0,2.75
130.0,3.0,3.0,2,1.0,4,0.0,2.75
110.0,3.0,2.0,2,11.0,13,0.0,2.2
1.5,3.0,2.0,2,5.0,2,0.0,11.75
115.0,3.0,2.0,2,5.0,4,1.0,2.68
85.0,2.0,3.0,1,16.0,4,0.0,1.65
120.0,2.0,2.0,1,5.0,3,0.0,2350.0
340.0,3.0,2.0,1,16.0,3,0.0,8.95
104.0,3.0,2.0,1,5.0,3,1.0,3.35
114.0,3.0,3.0,1,0.0,3,0.0,3.1
85.0,2.0,2.0,1,5.0,3,0.0,2.6
120.0,3.0,4.0,1,1.0,4,1.0,3.62
135.0,3.0,1.0,1,0.0,3,0.0,2.99
130.0,3.0,3.0,2,0.0,3,0.0,2.55
120.0,3.0,1.0,1,21.0,7,0.0,2.495
105.0,3.0,4.0,1,21.0,6,1.0,1.43
80.0,2.0,2.0,1,0.0,3,0.0,2.8
90.0,3.0,3.0,1,11.0,3,1.0,2.995
80.0,1.0,2.0,1,0.0,2,1.0,2.75
77.0,2.0,1.0,1,4.0,4,1.0,2.5725
70.0,2.0,3.0,1,2.0,3,0.0,2.1
95.0,2.0,3.0,1,0.0,3,0.0,2.0
140.0,4.0,3.0,2,5.0,4,0.0,2.5
165.0,4.0,1.0,2,0.0,4,1.0,7.75
70.0,2.0,4.0,1,21.0,4,0.0,3.0
55.0,1.0,2.0,1,5.0,5,1.0,1.545
85.0,2.0,1.0,1,16.0,3,1.0,2.36
85.0,2.0,3.0,1,21.0,4,0.0,1.58
77.0,2.0,5.0,1,11.0,9,1.0,1.89
90.0,1.0,2.0,1,0.0,3,0.0,3.6
130.0,3.0,2.0,2,0.0,3,0.0,2.4
150.0,3.0,4.0,2,5.0,4,0.0,3.5
150.0,3.0,1.0,1,21.0,1,0.0,4.75
110.0,2.0,2.0,1,0.0,4,0.0,2.6
80.0,2.0,1.0,1,4.0,4,0.0,2.6
110.0,3.0,4.0,1,21.0,5,1.0,2.35
110.0,3.0,2.0,1,11.0,3,0.0,2.75
98.0,3.0,2.0,1,21.0,5,0.0,2.65
120.0,3.0,5.0,1,21.0,5,0.0,1.55
120.0,2.0,2.0,1,21.0,4,1.0,8.5
80.0,2.0,2.0,1,0.0,3,0.0,1.85
105.0,3.0,2.0,1,5.0,4,0.0,2.3
115.0,3.0,2.0,1,0.0,7,0.0,4.0
98.0,3.0,1.0,1,0.0,4,0.0,3.099
120.0,3.0,2.0,2,0.0,3,0.0,5.25
90.0,2.0,3.0,1,0.0,4,0.0,2.849
117.0,3.0,2.0,2,3.0,3,1.0,3.79
78.0,2.0,2.0,1,11.0,4,0.0,2.0
175.0,3.0,2.0,2,0.0,4,0.0,6.725
95.0,3.0,2.0,2,4.0,3,1.0,3.44
120.0,3.0,3.0,1,0.0,5,0.0,3.2
140.0,3.0,3.0,1,11.0,4,0.0,3.275
175.0,3.0,4.0,2,0.0,4,0.0,6.5
120.0,3.0,2.0,1,21.0,5,0.0,2.699
100.0,3.0,2.0,1,21.0,3,0.0,5.25
90.0,2.0,2.0,1,4.0,1,0.0,2.85
95.0,2.0,3.0,1,0.0,5,1.0,2.7
100.0,2.0,2.0,2,5.0,4,0.0,2.225
125.0,3.0,2.0,1,0.0,4,0.0,2.65
100.0,2.0,2.0,1,3.0,4,0.0,2.35
113.0,3.0,1.0,1,5.0,4,0.0,2.785
85.0,2.0,2.0,1,2.0,3,0.0,1.95
115.0,3.0,3.0,1,4.0,3,0.0,1.94
130.0,3.0,2.0,2,0.0,3,1.0,5.25
139.0,3.0,3.0,1,0.0,3,1.0,4.3
85.0,2.0,2.0,1,21.0,3,0.0,1.47
125.0,3.0,2.0,1,21.0,4,0.0,2.3
70.0,1.0,1.0,1,5.0,3,0.0,1.7
90.0,2.0,2.0,1,4.0,3,0.0,2.42
99.0,3.0,2.0,1,0.0,3,0.0,2.599999
135.0,3.0,2.0,1,21.0,5,0.0,1.215
100.0,3.0,1.0,1,21.0,5,0.0,1.55
100.0,3.0,2.0,1,11.0,3,1.0,3.65
70.0,1.0,2.0,1,0.0,4,0.0,1.6
252.0,5.0,3.0,2,5.0,5,0.0,3.7
63.0,2.0,2.0,2,5.0,2,0.0,0.3
180.0,4.0,3.0,2,5.0,3,0.0,3.5
120.0,3.0,3.0,1,0.0,3,0.0,2.499999
150.0,3.0,2.0,1,0.0,5,0.0,3.5
115.0,3.0,2.0,1,0.0,3,0.0,2.69
105.0,3.0,2.0,2,0.0,3,0.0,2.57
95.0,2.0,3.0,1,0.0,3,1.0,3.15
125.0,3.0,3.0,2,21.0,4,0.0,4.5
100.0,2.0,2.0,1,0.0,3,0.0,2.9
110.0,2.0,3.0,1,3.0,3,0.0,3.1
95.0,2.0,2.0,1,5.0,3,0.0,2.5
70.0,2.0,1.0,1,1.0,4,0.0,3.75
170.0,4.0,4.0,2,5.0,4,0.0,4.95
185.0,4.0,2.0,2,4.0,4,0.0,3.27
90.0,2.0,2.0,1,0.0,3,0.0,2.425
150.0,4.0,2.0,3,5.0,1,1.0,2.95
125.0,3.0,2.0,1,0.0,3,0.0,2.43
80.0,2.0,2.0,1,0.0,3,1.0,3.45
85.0,2.0,2.0,1,0.0,3,0.0,2.299999
110.0,2.0,3.0,1,0.0,4,0.0,2.575
115.0,3.0,3.0,1,0.0,3,0.0,2.2
89.0,2.0,1.0,1,0.0,3,0.0,1.95
70.0,2.0,2.0,1,2.0,4,0.0,2.25
120.0,3.0,2.0,1,0.0,4,0.0,2.8
121.0,3.0,2.0,1,5.0,2,0.0,2.35
75.0,2.0,2.0,1,0.0,3,0.0,1.8
80.0,2.0,2.0,1,5.0,3,1.0,1.665
123.0,3.0,2.0,2,0.0,3,1.0,3.7
125.0,3.0,2.0,1,11.0,3,0.0,2.1
175.0,4.0,2.0,2,5.0,5,0.0,3.85
110.0,2.0,2.0,1,0.0,3,0.0,2.25
80.0,2.0,2.0,1,0.0,3,0.0,2.6
125.0,3.0,2.0,1,0.0,4,0.0,3.49
85.0,2.0,2.0,1,5.0,3,1.0,2.15
100.0,2.0,3.0,1,21.0,4,0.0,1.46
70.0,2.0,2.0,2,11.0,5,0.0,1.43
220.0,4.0,4.0,2,16.0,4,1.0,5.75
115.0,3.0,3.0,1,21.0,7,0.0,1.6
114.0,2.0,1.0,1,0.0,3,1.0,4.15
65.0,1.0,2.0,1,5.0,2,1.0,1.52
130.0,3.0,2.0,1,21.0,7,0.0,3.0
118.0,4.0,2.0,1,3.0,3,0.0,2.965
85.0,2.0,2.0,1,1.0,4,0.0,3.0
320.0,4.0,4.0,3,11.0,4,1.0,15.0
110.0,3.0,3.0,1,0.0,3,1.0,4.85
160.0,4.0,2.0,1,0.0,1,0.0,11.0
105.0,2.0,4.0,1,2.0,4,1.0,3.075
100.0,2.0,1.0,1,0.0,4,0.0,3.6
90.0,2.0,2.0,1,0.0,4,0.0,2.8
240.0,5.0,2.0,2,0.0,4,0.0,5.7
80.0,2.0,2.0,2,5.0,3,0.0,2.2
160.0,3.0,1.0,2,0.0,3,0.0,3.65
110.0,3.0,2.0,2,5.0,3,0.0,2.925
120.0,3.0,2.0,2,5.0,3,1.0,4.95
80.0,2.0,2.0,1,5.0,4,0.0,1.575
162.0,3.0,1.0,2,0.0,4,0.0,4.65
170.0,4.0,2.0,2,4.0,3,0.0,6.25
110.0,2.0,3.0,1,5.0,3,0.0,2.25
85.0,3.0,1.0,1,0.0,5,1.0,7.5
105.0,2.0,3.0,1,4.0,4,0.0,2.8
115.0,3.0,2.0,1,5.0,4,0.0,2.999999
75.0,2.0,2.0,1,21.0,3,0.0,1.975
153.0,3.0,4.0,2,0.0,4,0.0,3.7
120.0,3.0,2.0,1,0.0,2,0.0,2.7
145.0,3.0,5.0,2,4.0,5,0.0,4.4
85.0,2.0,2.0,1,0.0,3,0.0,1.95
120.0,3.0,1.0,2,0.0,4,0.0,3.95
150.0,4.0,1.0,1,16.0,4,0.0,1.615
115.0,3.0,4.0,1,2.0,4,0.0,2.7
110.0,3.0,2.0,2,0.0,3,1.0,3.55
90.0,2.0,3.0,2,11.0,3,0.0,1.895
145.0,3.0,2.0,2,5.0,6,1.0,3.075
127.0,3.0,5.0,1,16.0,5,0.0,1.65
135.0,3.0,1.0,1,5.0,4,0.0,3.35
150.0,3.0,1.0,2,0.0,2,0.0,3.85
140.0,2.0,3.0,1,3.0,3,0.0,4.55
130.0,3.0,2.0,2,11.0,3,0.0,2.95
82.0,2.0,2.0,1,1.0,3,1.0,2.2
110.0,3.0,2.0,1,0.0,3,0.0,2.5
120.0,3.0,2.0,1,0.0,4,0.0,3.2
250.0,5.0,2.0,3,11.0,4,0.0,6.6
140.0,3.0,3.0,1,1.0,3,0.0,2.55
128.0,3.0,2.0,2,0.0,3,0.0,2.95
90.0,3.0,2.0,1,0.0,4,0.0,2.99
85.0,2.0,2.0,1,21.0,3,0.0,1.55
95.0,2.0,2.0,1,0.0,4,0.0,1.925
90.0,2.0,2.0,1,1.0,4,0.0,1.925
50.0,1.0,2.0,1,5.0,3,0.0,1.55
100.0,2.0,3.0,1,21.0,4,1.0,1.985
85.0,2.0,3.0,1,11.0,3,0.0,1.925
130.0,3.0,2.0,1,0.0,4,0.0,3.19
170.0,4.0,1.0,1,5.0,3,0.0,3.2
110.0,2.0,2.0,1,4.0,4,0.0,2.05
190.0,3.0,2.0,1,0.0,4,0.0,2.65
49.0,1.0,3.0,1,0.0,4,1.0,3.165
100.0,3.0,2.0,1,0.0,3,0.0,2.65
118.0,2.0,2.0,2,0.0,3,0.0,2.525
200.0,4.0,2.0,6,0.0,2,1.0,15.5
80.0,2.0,2.0,1,5.0,4,0.0,2.0
175.0,4.0,3.0,1,0.0,3,0.0,4.0
90.0,2.0,3.0,1,1.0,3,0.0,1.95
120.0,3.0,2.0,1,0.0,3,0.0,4.0
140.0,4.0,2.0,1,0.0,4,0.0,2.75
95.0,2.0,4.0,1,0.0,5,0.0,3.15
110.0,3.0,4.0,1,11.0,4,0.0,1.875
65.0,1.0,1.0,1,5.0,3,0.0,2.15
60.0,1.0,2.0,1,4.0,3,1.0,1.9
125.0,3.0,2.0,1,0.0,1,0.0,2.646
260.0,4.0,2.0,3,5.0,4,1.0,7.195
240.0,4.0,6.0,2,21.0,6,1.0,3.9
140.0,3.0,2.0,1,4.0,3,0.0,2.75
130.0,3.0,1.0,1,0.0,8,1.0,3.5
120.0,3.0,2.0,1,21.0,3,1.0,2.7
80.0,2.0,2.0,2,0.0,3,0.0,2.0
70.0,2.0,1.0,1,0.0,3,0.0,1.995
270.0,4.0,2.0,2,0.0,4,0.0,4.1
80.0,2.0,3.0,1,0.0,5,0.0,4.25
95.0,3.0,3.0,1,0.0,4,0.0,2.849
80.0,2.0,1.0,1,21.0,5,0.0,1.22
80.0,2.0,5.0,1,21.0,5,0.0,1.4
190.0,3.0,2.0,2,0.0,4,0.0,4.0
130.0,3.0,2.0,1,0.0,5,0.0,3.25
70.0,2.0,2.0,1,0.0,3,0.0,2.875
155.0,3.0,2.0,2,0.0,3,0.0,4.0
170.0,4.0,5.0,2,2.0,5,1.0,6.75
145.0,3.0,2.0,2,0.0,3,0.0,3.85
125.0,2.0,2.0,1,4.0,4,1.0,2.47
85.0,2.0,3.0,1,0.0,4,0.0,2.5
125.0,3.0,3.0,1,0.0,3,0.0,4.1
150.0,4.0,3.0,2,5.0,4,1.0,10.6
77.0,2.0,5.0,1,5.0,11,1.0,2.35
80.0,2.0,2.0,1,0.0,3,0.0,2.745
80.0,2.0,2.0,1,21.0,3,0.0,1.55
150.0,4.0,1.0,2,11.0,3,0.0,2.8
175.0,4.0,2.0,2,3.0,4,0.0,3.65
90.0,3.0,3.0,1,0.0,3,0.0,2.85
110.0,3.0,2.0,1,5.0,7,0.0,3.25
80.0,1.0,2.0,0,16.0,5,0.0,0.63
80.0,2.0,2.0,1,5.0,4,0.0,2.35
85.0,2.0,2.0,1,0.0,3,0.0,2.2
100.0,3.0,2.0,1,21.0,4,0.0,1.82
227.0,4.0,2.0,3,3.0,2,0.0,9.9
70.0,2.0,2.0,1,4.0,4,0.0,1.89
125.0,3.0,1.0,1,5.0,3,0.0,3.0
90.0,2.0,2.0,2,5.0,3,1.0,1.9
445.0,1.0,2.0,0,16.0,5,0.0,25.0
160.0,3.0,2.0,3,0.0,4,0.0,3.25
116.0,3.0,2.0,1,2.0,3,0.0,2.375
63.0,1.0,2.0,1,5.0,3,1.0,2.075
90.0,2.0,2.0,1,0.0,3,0.0,1.95
120.0,3.0,2.0,1,5.0,4,0.0,2.495
140.0,4.0,3.0,2,5.0,4,1.0,3.3
80.0,2.0,3.0,1,16.0,3,0.0,1.7
75.0,2.0,2.0,1,4.0,4,0.0,2.65
135.0,3.0,2.0,1,3.0,4,0.0,3.08
140.0,3.0,2.0,1,4.0,4,0.0,4.28
80.0,2.0,2.0,1,1.0,4,0.0,3.25
55.0,1.0,2.0,1,5.0,3,1.0,2.25
120.0,3.0,3.0,2,5.0,6,0.0,3.55
85.0,1.0,2.0,2,5.0,4,0.0,1.599
95.0,3.0,2.0,1,0.0,4,0.0,2.675
90.0,2.0,2.0,1,0.0,3,0.0,1.95
90.0,2.0,2.0,1,5.0,3,0.0,2.69
125.0,3.0,5.0,1,11.0,5,1.0,2.25
140.0,3.0,2.0,1,16.0,4,0.0,2.199
200.0,4.0,2.0,2,0.0,3,0.0,3.55
195.0,5.0,3.0,2,0.0,3,0.0,3.5
175.0,3.0,3.0,4,0.0,3,0.0,3.496
140.0,3.0,2.0,1,4.0,3,0.0,2.596
100.0,2.0,2.0,4,21.0,4,0.0,6.75
85.0,2.0,2.0,1,3.0,3,0.0,1.945
130.0,3.0,2.0,2,0.0,3,0.0,2.749
185.0,4.0,3.0,2,4.0,4,0.0,3.294
165.0,3.0,2.0,2,0.0,3,0.0,3.3
100.0,3.0,2.0,1,0.0,3,0.0,3.064
85.0,2.0,2.0,1,0.0,3,0.0,2.498
100.0,2.0,2.0,1,5.0,10,1.0,3.1
80.0,2.0,2.0,1,0.0,3,0.0,2.999
85.0,2.0,2.0,1,0.0,3,0.0,2.395
110.0,3.0,2.0,1,21.0,2,0.0,2.95
134.0,1.0,2.0,0,21.0,4,0.0,7.5
132.0,3.0,1.0,1,5.0,4,0.0,3.35
115.0,3.0,3.0,1,4.0,3,0.0,2.94
95.0,2.0,2.0,1,5.0,5,0.0,2.1
85.0,2.0,2.0,1,1.0,3,0.0,2.2
140.0,3.0,1.0,1,1.0,2,0.0,3.3
70.0,2.0,3.0,1,3.0,3,0.0,1.925
250.0,5.0,3.0,4,21.0,4,1.0,12.0
105.0,3.0,2.0,1,4.0,3,0.0,3.1
45.0,1.0,2.0,1,5.0,4,1.0,1.58
120.0,3.0,5.0,1,21.0,5,1.0,2.65
101.0,3.0,2.0,2,2.0,3,0.0,3.5
80.0,2.0,1.0,1,0.0,4,0.0,2.685
90.0,2.0,2.0,2,2.0,3,0.0,1.95
150.0,3.0,3.0,1,0.0,3,0.0,3.2
81.0,1.0,2.0,1,5.0,2,1.0,2.8
122.0,3.0,1.0,2,0.0,4,1.0,4.147
130.0,3.0,2.0,2,1.0,3,0.0,4.29
80.0,2.0,1.0,1,5.0,5,0.0,3.995
64.0,1.0,2.0,0,21.0,4,0.0,3.0
128.0,4.0,2.0,2,1.0,4,1.0,6.15
105.0,3.0,1.0,1,4.0,3,0.0,2.63
120.0,3.0,2.0,1,11.0,4,1.0,3.25
125.0,3.0,2.0,2,4.0,4,1.0,3.325
80.0,3.0,2.0,1,0.0,5,0.0,2.895
60.0,1.0,1.0,1,4.0,5,0.0,2.15
55.0,1.0,1.0,1,0.0,3,0.0,1.85
105.0,3.0,3.0,2,0.0,3,0.0,3.5
100.0,2.0,2.0,1,0.0,4,0.0,2.4
180.0,4.0,3.0,2,0.0,3,0.0,3.25
135.0,3.0,4.0,1,4.0,4,0.0,2.4
90.0,2.0,2.0,1,4.0,3,0.0,2.14
74.0,2.0,1.0,1,4.0,5,1.0,2.65
90.0,2.0,2.0,1,0.0,4,1.0,3.35
300.0,5.0,2.0,3,0.0,3,0.0,9.999999
110.0,3.0,1.0,1,5.0,3,0.0,2.2
105.0,3.0,2.0,1,0.0,4,0.0,2.6
90.0,2.0,2.0,1,0.0,4,0.0,1.985
100.0,3.0,3.0,1,16.0,3,0.0,1.65
95.0,2.0,1.0,1,11.0,3,0.0,2.25
90.0,3.0,2.0,1,0.0,3,0.0,3.2
85.0,2.0,3.0,1,5.0,4,0.0,2.275
145.0,4.0,2.0,2,0.0,3,0.0,4.15
90.0,3.0,2.0,1,11.0,3,1.0,1.98
85.0,2.0,2.0,1,0.0,3,0.0,2.5
50.0,2.0,2.0,1,4.0,4,0.0,2.35
150.0,4.0,4.0,1,0.0,4,0.0,2.8
170.0,4.0,2.0,2,0.0,3,0.0,3.53
150.0,4.0,3.0,2,0.0,3,0.0,3.4
90.0,2.0,2.0,1,5.0,3,0.0,2.375
170.0,4.0,1.0,1,5.0,3,0.0,3.2
140.0,3.0,2.0,1,2.0,5,0.0,4.2
90.0,2.0,1.0,1,5.0,4,0.0,2.125
250.0,4.0,2.0,2,5.0,3,1.0,5.95
70.0,2.0,1.0,1,1.0,3,0.0,1.775
187.0,3.0,2.0,3,0.0,2,0.0,4.35
30.0,1.0,2.0,1,0.0,2,0.0,0.36
70.0,2.0,2.0,1,5.0,4,0.0,2.25
85.0,2.0,3.0,1,0.0,4,0.0,3.2
190.0,4.0,2.0,1,4.0,4,0.0,4.25
165.0,4.0,1.0,2,0.0,4,1.0,4.7
90.0,2.0,2.0,1,16.0,6,1.0,2.3
75.0,2.0,2.0,1,21.0,4,0.0,3.15
101.0,3.0,2.0,2,0.0,3,0.0,3.275
90.0,2.0,2.0,1,0.0,3,0.0,2.565
136.0,3.0,2.0,1,5.0,4,1.0,3.145
130.0,3.0,1.0,1,11.0,5,0.0,2.35
80.0,2.0,4.0,1,0.0,6,1.0,2.55
110.0,2.0,4.0,1,5.0,4,0.0,2.45
160.0,3.0,3.0,1,5.0,3,0.0,2.6
90.0,2.0,4.0,1,11.0,6,0.0,1.3
140.0,3.0,2.0,2,2.0,3,0.0,4.25
125.0,3.0,2.0,1,0.0,3,1.0,3.5
140.0,3.0,2.0,1,3.0,2,0.0,18.5
90.0,2.0,1.0,1,5.0,3,0.0,2.25
100.0,3.0,2.0,1,0.0,4,0.0,2.25
90.0,2.0,2.0,1,0.0,4,0.0,2.25
120.0,3.0,2.0,1,21.0,5,1.0,1.995
120.0,3.0,2.0,1,21.0,5,0.0,2.46
240.0,3.0,2.0,1,5.0,2,0.0,4.0
100.0,3.0,2.0,1,11.0,3,1.0,3.175
180.0,4.0,2.0,2,5.0,2,1.0,4.5
160.0,4.0,1.0,1,11.0,5,0.0,2.95
90.0,2.0,2.0,1,5.0,3,1.0,2.085
100.0,3.0,2.0,1,16.0,3,0.0,2.1
98.0,2.0,2.0,1,0.0,4,1.0,2.53
180.0,4.0,2.0,2,0.0,2,0.0,10.0
120.0,3.0,2.0,1,11.0,3,1.0,4.5
150.0,3.0,2.0,2,0.0,3,1.0,3.95
120.0,3.0,1.0,2,0.0,4,1.0,3.15
100.0,3.0,3.0,1,11.0,4,1.0,3.55
95.0,2.0,2.0,1,5.0,3,0.0,2.49
90.0,2.0,1.0,1,5.0,3,0.0,3.5
177.0,5.0,3.0,2,5.0,3,0.0,5.275
105.0,2.0,1.0,2,2.0,3,1.0,4.0
30.0,1.0,2.0,1,0.0,2,0.0,0.36
120.0,3.0,1.0,1,11.0,4,0.0,2.5
85.0,2.0,2.0,1,11.0,3,1.0,1.7
90.0,2.0,2.0,1,0.0,5,0.0,2.45
65.0,1.0,2.0,1,21.0,4,0.0,0.85
130.0,4.0,2.0,1,16.0,3,0.0,1.7
75.0,1.0,2.0,1,21.0,5,0.0,0.9
75.0,2.0,2.0,1,1.0,4,0.0,3.25
100.0,2.0,3.0,1,21.0,5,1.0,1.7
50.0,1.0,2.0,1,21.0,3,0.0,0.645
90.0,2.0,2.0,1,21.0,1,0.0,4.197
129.0,3.0,2.0,1,21.0,5,0.0,3.6
169.0,1.0,2.0,0,21.0,5,0.0,5.7
90.0,2.0,2.0,2,0.0,4,0.0,1.985
110.0,3.0,2.0,1,0.0,4,0.0,3.2
30.0,3.0,4.0,1,4.0,6,1.0,1.55
130.0,3.0,3.0,1,0.0,4,0.0,3.45
85.0,2.0,3.0,1,0.0,6,0.0,2.45
120.0,3.0,3.0,2,0.0,3,0.0,3.195
165.0,4.0,2.0,5,4.0,5,1.0,6.9
100.0,2.0,3.0,2,0.0,3,0.0,2.5
100.0,2.0,2.0,1,4.0,4,0.0,1.86
80.0,2.0,2.0,1,0.0,4,0.0,2.5
138.0,3.0,2.0,3,0.0,3,1.0,4.99
100.0,3.0,2.0,2,21.0,4,0.0,1.3
100.0,2.0,2.0,1,4.0,4,0.0,1.86
110.0,3.0,5.0,1,21.0,5,1.0,1.75
50.0,1.0,2.0,1,21.0,3,0.0,0.65
60.0,1.0,2.0,1,21.0,4,0.0,0.75
90.0,2.0,2.0,1,5.0,4,0.0,2.75
200.0,4.0,2.0,2,5.0,5,0.0,5.0
95.0,3.0,10.0,2,11.0,12,0.0,3.3
75.0,2.0,2.0,1,5.0,3,0.0,2.25
175.0,4.0,2.0,2,4.0,4,0.0,3.6
90.0,2.0,4.0,1,21.0,4,0.0,1.1
70.0,2.0,2.0,1,21.0,3,0.0,3.4
98.0,2.0,3.0,1,1.0,4,1.0,2.45
130.0,4.0,1.0,2,0.0,4,0.0,3.999999
90.0,2.0,2.0,1,16.0,5,0.0,1.65
95.0,2.0,2.0,1,0.0,3,0.0,2.195
145.0,3.0,2.0,1,1.0,1,0.0,16.0
20.0,1.0,2.0,1,0.0,1,0.0,0.09
120.0,3.0,3.0,1,0.0,3,0.0,3.55
150.0,4.0,3.0,1,0.0,3,0.0,3.1
140.0,3.0,2.0,2,0.0,7,0.0,2.9
85.0,3.0,2.0,0,5.0,4,0.0,2.2
120.0,3.0,2.0,1,0.0,4,0.0,2.4
90.0,3.0,2.0,1,0.0,3,0.0,2.7
110.0,3.0,2.0,1,0.0,4,0.0,2.25
150.0,3.0,3.0,2,0.0,3,1.0,3.6
125.0,3.0,2.0,2,0.0,3,1.0,4.85
140.0,2.0,2.0,1,0.0,2,0.0,2.5
100.0,3.0,5.0,1,16.0,5,1.0,2.15
140.0,3.0,6.0,2,11.0,9,0.0,5.25
200.0,3.0,2.0,2,11.0,2,0.0,7.5
105.0,3.0,2.0,2,0.0,3,0.0,3.3
140.0,3.0,2.0,1,0.0,3,0.0,3.6
115.0,3.0,3.0,1,0.0,3,0.0,2.15
100.0,2.0,3.0,1,21.0,4,0.0,1.47
150.0,4.0,2.0,2,4.0,1,0.0,4.35
95.0,2.0,7.0,1,5.0,10,1.0,2.7
135.0,3.0,1.0,2,5.0,4,1.0,3.275
75.0,1.0,2.0,1,5.0,2,1.0,1.78
120.0,3.0,2.0,2,0.0,3,0.0,2.4
115.0,3.0,2.0,1,0.0,4,0.0,3.65
90.0,3.0,2.0,1,21.0,3,0.0,3.85
70.0,2.0,3.0,1,21.0,3,0.0,4.25
120.0,3.0,5.0,1,21.0,5,0.0,2.05
140.0,3.0,1.0,2,5.0,2,1.0,2.815
115.0,3.0,1.0,2,4.0,3,1.0,3.6
110.0,3.0,2.0,1,16.0,3,1.0,2.1
65.0,1.0,2.0,1,5.0,5,1.0,2.525
125.0,4.0,2.0,1,11.0,1,0.0,5.15
120.0,3.0,2.0,1,16.0,4,1.0,1.8
150.0,3.0,3.0,1,0.0,3,0.0,3.1
90.0,2.0,1.0,1,11.0,3,0.0,2.25
135.0,3.0,1.0,1,4.0,3,0.0,2.4
125.0,4.0,2.0,1,11.0,3,0.0,2.34
145.0,3.0,3.0,2,5.0,3,0.0,3.55
130.0,3.0,2.0,1,4.0,4,1.0,4.3
112.0,3.0,2.0,2,0.0,4,0.0,8.8
135.0,3.0,2.0,1,5.0,3,0.0,3.175
130.0,3.0,3.0,1,0.0,3,0.0,3.25
70.0,2.0,2.0,1,0.0,3,1.0,2.9
123.0,3.0,2.0,2,0.0,3,0.0,2.5
206.0,3.0,2.0,3,0.0,3,0.0,4.55
90.0,3.0,10.0,1,16.0,14,1.0,2.0
120.0,3.0,1.0,2,0.0,4,0.0,4.7
100.0,2.0,3.0,1,21.0,3,0.0,1.475
140.0,3.0,2.0,1,0.0,4,0.0,3.25
90.0,2.0,2.0,1,2.0,3,0.0,2.25
60.0,2.0,1.0,1,0.0,3,0.0,1.75
100.0,3.0,4.0,1,21.0,4,1.0,2.4
87.0,2.0,2.0,1,1.0,2,0.0,1.85
210.0,5.0,4.0,3,1.0,4,0.0,4.25
70.0,2.0,2.0,1,1.0,3,0.0,2.18
100.0,3.0,2.0,1,5.0,2,0.0,6.75
150.0,4.0,2.0,2,21.0,2,0.0,4.5
98.0,3.0,1.0,1,5.0,5,0.0,2.35
147.0,4.0,2.0,2,0.0,3,1.0,4.5
66.0,2.0,3.0,1,0.0,3,1.0,2.35
85.0,2.0,2.0,1,5.0,3,0.0,1.95
145.0,3.0,3.0,2,0.0,3,1.0,6.5
90.0,2.0,2.0,1,0.0,3,0.0,2.8
220.0,4.0,5.0,2,4.0,5,0.0,3.75
100.0,3.0,2.0,1,21.0,3,0.0,3.5
130.0,3.0,3.0,2,0.0,3,1.0,4.25
100.0,3.0,2.0,1,0.0,3,0.0,2.4
70.0,2.0,4.0,1,5.0,4,0.0,3.95
80.0,2.0,1.0,1,5.0,3,0.0,2.355
90.0,3.0,2.0,2,5.0,5,0.0,1.99
120.0,3.0,1.0,1,5.0,4,0.0,2.495
125.0,3.0,4.0,1,21.0,5,1.0,1.53
92.0,2.0,2.0,1,0.0,3,0.0,2.09
95.0,2.0,1.0,1,5.0,1,0.0,2.975
92.0,2.0,4.0,1,21.0,5,0.0,1.4
100.0,3.0,4.0,1,21.0,5,0.0,1.75
165.0,4.0,3.0,2,0.0,3,0.0,3.8
160.0,3.0,4.0,2,0.0,4,0.0,4.5
120.0,3.0,3.0,2,4.0,5,1.0,4.385
90.0,2.0,2.0,1,0.0,5,1.0,1.6
150.0,3.0,3.0,2,0.0,3,0.0,4.0
95.0,3.0,2.0,1,16.0,3,1.0,1.715
100.0,3.0,4.0,1,21.0,6,0.0,2.25
130.0,3.0,2.0,1,21.0,4,1.0,2.45
110.0,3.0,3.0,1,0.0,5,0.0,3.3
115.0,2.0,2.0,1,5.0,3,0.0,1.51
100.0,3.0,2.0,1,5.0,4,0.0,3.7
105.0,3.0,1.0,1,21.0,5,1.0,2.5
89.0,2.0,2.0,1,0.0,2,1.0,2.199
190.0,5.0,3.0,1,0.0,3,0.0,3.5
110.0,3.0,2.0,1,0.0,3,0.0,2.499999
100.0,2.0,2.0,1,0.0,2,0.0,2.25
100.0,2.0,2.0,0,4.0,2,0.0,1.89
155.0,3.0,3.0,2,5.0,3,0.0,3.445
120.0,3.0,2.0,1,21.0,3,1.0,2.92
70.0,2.0,2.0,1,5.0,4,1.0,2.98
180.0,4.0,2.0,2,5.0,4,0.0,3.0
100.0,3.0,5.0,1,21.0,6,0.0,1.45
115.0,3.0,2.0,1,21.0,4,0.0,1.65
115.0,3.0,2.0,1,1.0,3,0.0,2.95
260.0,6.0,2.0,2,3.0,2,0.0,7.7
200.0,4.0,3.0,2,0.0,3,0.0,4.25
130.0,2.0,2.0,2,0.0,4,0.0,3.55
130.0,3.0,2.0,2,0.0,4,0.0,3.55
120.0,2.0,2.0,1,0.0,3,0.0,3.0
95.0,2.0,4.0,1,21.0,5,1.0,1.54
75.0,2.0,3.0,1,5.0,7,1.0,3.25
125.0,3.0,2.0,1,0.0,3,0.0,3.25
50.0,2.0,2.0,1,21.0,2,1.0,3.15
120.0,2.0,2.0,1,5.0,3,0.0,3.6
100.0,3.0,2.0,1,0.0,4,0.0,2.9
125.0,3.0,4.0,1,11.0,4,0.0,1.79
280.0,6.0,2.0,3,11.0,4,1.0,8.75
95.0,3.0,1.0,1,21.0,5,0.0,1.79
100.0,3.0,2.0,1,21.0,6,0.0,1.625
90.0,1.0,2.0,1,21.0,2,0.0,1.59
125.0,3.0,4.0,1,16.0,5,0.0,2.3
50.0,1.0,2.0,1,5.0,4,0.0,1.6
75.0,2.0,4.0,1,16.0,4,0.0,1.925
150.0,4.0,2.0,2,0.0,4,0.0,3.4
100.0,5.0,2.0,2,16.0,2,1.0,3.12
100.0,3.0,4.0,1,21.0,5,0.0,1.8
86.0,3.0,1.0,1,5.0,3,0.0,2.85
120.0,3.0,1.0,1,0.0,4,0.0,2.6
68.0,2.0,1.0,1,0.0,4,0.0,2.5
85.0,2.0,2.0,1,4.0,3,0.0,2.45
250.0,5.0,2.0,3,3.0,3,0.0,13.65
120.0,3.0,4.0,1,16.0,4,0.0,10.0
165.0,4.0,3.0,1,2.0,3,0.0,3.55
120.0,3.0,3.0,2,5.0,4,1.0,4.5
103.0,2.0,3.0,1,0.0,3,0.0,2.6
125.0,3.0,1.0,2,0.0,3,1.0,3.995
185.0,4.0,2.0,2,5.0,3,0.0,5.5
132.0,3.0,2.0,1,11.0,3,1.0,6.5
70.0,1.0,2.0,1,4.0,6,0.0,1.15
150.0,3.0,4.0,2,3.0,4,1.0,3.46
110.0,3.0,4.0,1,21.0,5,0.0,3.75
119.0,3.0,3.0,2,21.0,5,1.0,1.99
150.0,4.0,3.0,2,0.0,4,1.0,4.119
100.0,2.0,2.0,1,5.0,3,0.0,1.98
155.0,4.0,3.0,2,0.0,3,0.0,3.75
239.0,1.0,2.0,0,21.0,2,0.0,1.8
145.0,3.0,3.0,1,5.0,3,0.0,3.65
120.0,3.0,2.0,2,0.0,3,0.0,3.75
90.0,2.0,2.0,1,3.0,3,0.0,2.0
105.0,3.0,1.0,2,5.0,6,1.0,2.1
110.0,3.0,2.0,1,21.0,4,0.0,1.95
150.0,4.0,3.0,2,0.0,4,0.0,4.3
110.0,3.0,1.0,1,5.0,3,0.0,3.2
110.0,3.0,2.0,1,5.0,3,0.0,2.0
140.0,3.0,2.0,2,4.0,5,1.0,4.6
130.0,4.0,3.0,1,5.0,3,0.0,3.6
90.0,2.0,2.0,1,11.0,3,0.0,2.1
80.0,2.0,3.0,1,3.0,3,1.0,2.85
84.0,2.0,2.0,2,0.0,4,0.0,4.29
140.0,3.0,2.0,1,21.0,6,1.0,1.95
215.0,5.0,2.0,3,4.0,4,1.0,8.0
93.0,3.0,3.0,2,0.0,3,0.0,3.0
180.0,8.0,2.0,3,21.0,3,0.0,31.5
240.0,4.0,2.0,3,0.0,4,0.0,7.5
190.0,3.0,2.0,3,0.0,2,0.0,4.789
120.0,3.0,3.0,1,21.0,5,1.0,2.75
140.0,3.0,3.0,2,4.0,3,1.0,4.05
140.0,3.0,3.0,1,0.0,3,0.0,2.85
125.0,2.0,2.0,2,5.0,3,0.0,3.6
65.0,3.0,2.0,2,5.0,1,0.0,3.2
140.0,3.0,2.0,2,4.0,3,0.0,5.95
130.0,3.0,2.0,1,5.0,3,1.0,3.55
100.0,2.0,2.0,2,4.0,3,0.0,2.2
110.0,3.0,2.0,1,21.0,5,1.0,1.65
160.0,4.0,2.0,1,5.0,2,0.0,3.49
220.0,3.0,2.0,2,16.0,2,0.0,7.5
123.0,3.0,2.0,2,0.0,3,0.0,2.5
86.0,2.0,2.0,1,16.0,5,0.0,1.8
120.0,3.0,3.0,2,0.0,4,0.0,3.475
160.0,3.0,2.0,2,5.0,3,0.0,2.95
115.0,2.0,2.0,2,0.0,4,1.0,2.799999
195.0,1.0,2.0,0,21.0,3,0.0,5.2
115.0,3.0,3.0,1,2.0,3,0.0,2.5
103.0,3.0,3.0,2,0.0,4,0.0,2.8
120.0,3.0,3.0,1,0.0,4,0.0,2.95
180.0,6.0,2.0,2,11.0,2,0.0,6.5
68.0,2.0,2.0,1,11.0,6,0.0,1.7
95.0,2.0,4.0,1,21.0,5,1.0,1.62
175.0,4.0,1.0,1,16.0,5,0.0,3.15
80.0,2.0,4.0,1,5.0,7,0.0,1.32
95.0,2.0,2.0,1,4.0,5,1.0,2.275
55.0,1.0,1.0,1,4.0,4,0.0,1.95
50.0,1.0,1.0,1,0.0,6,0.0,3.2
105.0,2.0,6.0,1,0.0,6,0.0,4.0
135.0,3.0,3.0,2,0.0,3,0.0,2.85
125.0,3.0,2.0,1,0.0,3,0.0,2.9
120.0,3.0,1.0,1,21.0,5,0.0,2.95
