Net Metrekare,Oda Sayısı,Bulunduğu Kat,Banyo Sayısı,Binanın Yaşı,Binanın Kat Sayısı,Site İçerisinde,latitude,longitude,price
115.0,3.0,2.0,1,5.0,3,0.0,40.7010052,29.8554841,2.55
100.0,2.0,1.0,2,0.0,3,0.0,40.7365963,30.0231861,3.1
140.0,3.0,2.0,1,5.0,3,0.0,40.71265229999999,29.9408065,3.95
300.0,6.0,2.0,3,4.0,2,1.0,40.7147344,29.9538172,32.5
120.0,3.0,2.0,2,0.0,3,0.0,40.7548512,30.0361888,2.985
90.0,2.0,2.0,1,16.0,3,0.0,40.6953781,29.8222085,1.645
180.0,5.0,5.0,1,3.0,5,0.0,40.8361956,29.3787483,3.0
80.0,2.0,3.0,1,4.0,3,1.0,40.7438656,30.0463012,2.225
110.0,3.0,2.0,1,5.0,5,0.0,40.7921818,29.436795,2.28
135.0,3.0,3.0,2,0.0,3,0.0,40.7653053,29.7961611,2.825
140.0,3.0,2.0,2,5.0,3,1.0,40.7147344,29.9538172,10.5
179.0,3.0,2.0,1,0.0,3,0.0,40.7604584,29.8091854,3.4
110.0,2.0,3.0,1,11.0,3,1.0,40.77684319999999,29.7512903,2.6
110.0,2.0,4.0,1,4.0,5,0.0,40.71265229999999,29.9408065,2.37
100.0,3.0,2.0,1,0.0,3,0.0,40.7896467,29.3918108,3.45
130.0,3.0,1.0,2,0.0,3,0.0,40.7147344,29.9538172,4.3
155.0,4.0,2.0,2,0.0,2,0.0,40.7365963,30.0231861,7.9
139.0,1.0,2.0,0,16.0,4,0.0,40.8184455,29.4382459,12.0
85.0,2.0,2.0,1,21.0,4,0.0,40.7659429,29.7570809,1.85
77.0,2.0,3.0,1,11.0,6,1.0,40.6726092,29.89019789999999,1.85
125.0,3.0,2.0,1,21.0,3,0.0,40.7659429,29.7570809,3.25
100.0,2.0,2.0,1,4.0,3,0.0,40.7757606,29.7223337,2.25
270.0,5.0,2.0,3,11.0,4,0.0,40.77684319999999,29.7512903,4.945
125.0,3.0,3.0,1,5.0,3,0.0,40.7659429,29.7570809,3.1
80.0,2.0,2.0,1,0.0,3,0.0,40.7617966,29.3918108,2.75
125.0,3.0,2.0,1,21.0,3,0.0,40.7659429,29.7570809,2.545
94.0,2.0,1.0,1,5.0,3,0.0,40.753727,29.7961611,3.0
120.0,2.0,3.0,1,2.0,3,0.0,40.7711951,29.9241801,2.7
100.0,3.0,4.0,2,5.0,5,0.0,40.77345750000001,29.4498523,4.5
125.0,3.0,2.0,1,21.0,4,0.0,40.7659429,29.7570809,2.12
220.0,4.0,2.0,2,5.0,2,1.0,40.670517,29.9220112,12.75
60.0,1.0,2.0,1,0.0,3,0.0,40.7617966,29.3918108,2.145
77.0,3.0,2.0,1,11.0,13,1.0,40.7804258,29.9465892,1.9
182.0,4.0,6.0,2,0.0,6,0.0,40.800946,29.995282,6.844
112.0,3.0,2.0,2,0.0,3,0.0,40.683793,29.851405,3.85
137.0,4.0,4.0,2,2.0,4,1.0,40.7064933,29.9827252,4.995
110.0,3.0,2.0,1,0.0,4,0.0,40.758402,30.0116271,2.2
100.0,3.0,2.0,2,2.0,3,0.0,40.7188846,29.7780698,4.25
107.0,3.0,5.0,1,21.0,5,0.0,40.7160544,29.8330601,1.58
80.0,2.0,2.0,1,16.0,4,1.0,40.6955201,29.8135266,1.675
117.0,2.0,1.0,2,3.0,4,1.0,40.7387377,30.0723009,3.6
85.0,2.0,2.0,1,21.0,6,0.0,40.778778,29.9523716,1.63
85.0,2.0,3.0,2,0.0,6,0.0,40.800946,29.995282,3.8
75.0,2.0,2.0,1,1.0,1,0.0,41.18400099999999,30.287269,3.1
80.0,1.0,2.0,1,0.0,4,1.0,40.7438656,30.0463012,3.3
150.0,3.0,2.0,2,5.0,4,1.0,40.7064933,29.9827252,3.926
110.0,3.0,2.0,1,0.0,4,0.0,40.6944072,29.9682719,2.9
87.0,2.0,2.0,1,0.0,3,0.0,40.793316,29.9581538,2.75
60.0,2.0,2.0,1,0.0,1,0.0,40.950699,29.908477,3.55
103.0,3.0,1.0,2,0.0,6,0.0,40.800946,29.995282,4.5
95.0,1.0,2.0,1,0.0,3,0.0,40.7042886,29.8439109,3.95
160.0,3.0,1.0,1,21.0,4,0.0,40.7625464,29.9118896,1.36
110.0,2.0,2.0,1,0.0,3,0.0,40.71265229999999,29.9408065,2.4
140.0,4.0,2.0,2,0.0,3,1.0,41.187255,30.255321,4.75
125.0,3.0,5.0,1,11.0,5,1.0,40.7905943,29.7599761,2.5
140.0,3.0,3.0,1,0.0,3,0.0,40.71265229999999,29.9408065,3.25
55.0,1.0,2.0,1,0.0,5,0.0,40.7106363,29.8337835,1.65
80.0,2.0,1.0,1,0.0,4,0.0,40.8283772,29.3860054,2.95
50.0,1.0,2.0,1,5.0,3,0.0,40.8231961,29.3671362,2.05
90.0,3.0,2.0,1,5.0,4,0.0,40.8106236,29.4455,2.28
77.0,2.0,1.0,1,0.0,4,0.0,41.0720634,30.1355413,1.99
85.0,2.0,1.0,1,0.0,4,0.0,40.8188859,29.403421,3.0
75.0,2.0,4.0,1,21.0,4,0.0,40.7672137,29.9523716,1.55
140.0,3.0,2.0,2,5.0,3,1.0,40.7042886,29.8439109,2.85
75.0,2.0,2.0,1,3.0,3,1.0,40.81542,29.929028,2.7
140.0,4.0,2.0,3,1.0,4,0.0,40.7147344,29.9538172,3.1
85.0,2.0,2.0,1,5.0,4,0.0,40.8117542,29.3540715,2.35
80.0,2.0,2.0,1,0.0,3,0.0,40.7147344,29.9538172,2.1
100.0,3.0,1.0,1,21.0,5,1.0,40.7634588,29.85982379999999,1.675
65.0,1.0,6.0,1,21.0,6,0.0,40.7690192,29.9379151,1.15
300.0,5.0,4.0,2,16.0,5,0.0,40.7659429,29.7570809,6.25
165.0,2.0,2.0,2,16.0,5,0.0,40.7747821,29.9176735,2.225
140.0,3.0,2.0,1,5.0,3,0.0,40.7665482,29.9465892,2.9
35.0,1.0,2.0,1,0.0,4,0.0,40.81542,29.929028,1.499
90.0,2.0,2.0,1,5.0,4,0.0,40.8069074,29.4338932,3.25
70.0,2.0,4.0,1,21.0,5,0.0,40.8670847,29.3801998,1.549
90.0,1.0,1.0,2,5.0,4,0.0,40.7665482,29.9465892,2.6
220.0,4.0,2.0,2,11.0,3,1.0,40.771117,29.9285176,6.0
80.0,2.0,2.0,1,0.0,4,1.0,40.7365963,30.0231861,2.25
135.0,3.0,2.0,2,0.0,4,1.0,40.6944072,29.9682719,3.75
240.0,5.0,6.0,6,5.0,6,0.0,40.8069074,29.4338932,6.2
55.0,1.0,1.0,1,1.0,4,0.0,40.7766241,29.9436979,1.45
72.0,2.0,3.0,1,0.0,3,1.0,40.697935,29.9436979,2.85
100.0,3.0,2.0,2,0.0,3,0.0,40.7074291,29.9306863,5.15
110.0,3.0,8.0,1,16.0,8,1.0,40.7766241,29.9436979,2.49
167.0,4.0,2.0,2,3.0,5,0.0,40.7147344,29.9538172,3.999
200.0,4.0,8.0,3,0.0,8,1.0,40.800946,29.995282,7.25
95.0,2.0,2.0,1,0.0,4,0.0,40.7807635,29.7947139,2.875
70.0,1.0,2.0,1,0.0,3,0.0,40.7438656,30.0463012,1.775
115.0,3.0,2.0,1,0.0,3,0.0,40.7387377,30.0723009,2.95
165.0,4.0,2.0,1,5.0,4,0.0,40.7130973,29.8251023,2.78
85.0,2.0,2.0,1,0.0,3,0.0,40.7812258,29.384554,2.63
100.0,3.0,4.0,2,21.0,4,1.0,40.7617966,29.3918108,3.0
127.0,3.0,2.0,1,11.0,8,0.0,40.7711951,29.9241801,2.65
175.0,4.0,2.0,1,4.0,4,0.0,40.7625974,29.7730038,3.25
200.0,4.0,2.0,3,0.0,2,0.0,40.72833540000001,30.0520793,8.5
120.0,3.0,1.0,1,5.0,5,1.0,40.7905943,29.7599761,2.4
200.0,3.0,1.0,1,3.0,2,0.0,40.7679064,29.7787935,3.95
120.0,3.0,2.0,1,11.0,5,0.0,40.7905943,29.7599761,2.0
104.0,2.0,1.0,1,5.0,4,0.0,40.753727,29.7961611,2.6
160.0,3.0,1.0,2,4.0,5,1.0,40.7659429,29.7570809,5.35
190.0,3.0,3.0,1,2.0,3,0.0,40.7502682,29.7715563,2.995
374.0,1.0,2.0,0,5.0,3,0.0,40.885772,29.782312,2.95
120.0,3.0,2.0,1,5.0,5,1.0,40.7905943,29.7599761,2.12
120.0,3.0,3.0,1,5.0,5,1.0,40.7905943,29.7599761,2.35
120.0,3.0,1.0,1,5.0,5,1.0,40.7905943,29.7599761,2.5
105.0,2.0,4.0,1,11.0,4,1.0,40.7905943,29.7599761,1.85
120.0,3.0,2.0,1,16.0,3,0.0,40.6843433,29.9263488,2.5
110.0,3.0,2.0,1,5.0,3,0.0,40.7740571,29.8265492,2.2
170.0,4.0,4.0,1,5.0,4,0.0,40.8228769,29.3932622,3.45
140.0,3.0,5.0,1,16.0,13,0.0,40.7766469,29.9841704,4.3
120.0,3.0,5.0,2,11.0,5,0.0,40.8176435,29.3787483,3.1
100.0,2.0,2.0,1,0.0,4,0.0,40.8228769,29.3932622,2.27
80.0,2.0,3.0,1,11.0,5,0.0,40.7669386,29.3973465,2.4
90.0,2.0,1.0,1,11.0,3,0.0,40.7757606,29.7223337,2.75
129.0,1.0,2.0,0,21.0,2,0.0,40.8283772,29.3860054,3.15
200.0,4.0,2.0,2,0.0,3,0.0,40.7764794,29.3932622,4.19
161.0,4.0,2.0,2,5.0,2,0.0,40.6896527,29.8873054,3.5
125.0,3.0,2.0,1,0.0,2,0.0,40.7147344,29.9538172,3.35
85.0,2.0,2.0,2,0.0,4,0.0,40.7147344,29.9538172,2.65
200.0,4.0,4.0,2,0.0,4,0.0,40.8361956,29.3787483,3.55
108.0,3.0,1.0,1,0.0,3,0.0,40.7365963,30.0231861,3.5
105.0,3.0,2.0,2,0.0,3,0.0,40.8283772,29.3860054,3.15
123.0,4.0,1.0,2,0.0,3,0.0,40.7365963,30.0231861,4.6
10.0,3.0,1.0,1,4.0,3,1.0,40.7659429,29.7570809,3.3
150.0,3.0,3.0,2,0.0,3,0.0,40.7147344,29.9538172,3.35
104.0,3.0,2.0,1,0.0,3,0.0,40.7365963,30.0231861,4.1
118.0,4.0,1.0,1,0.0,3,0.0,40.7365963,30.0231861,4.55
90.0,2.0,2.0,1,0.0,5,0.0,40.71265229999999,29.9408065,2.65
87.0,3.0,2.0,1,0.0,3,0.0,40.7365963,30.0231861,3.5
81.0,2.0,3.0,1,0.0,6,0.0,40.8184455,29.4382459,2.8
111.0,3.0,3.0,1,0.0,3,0.0,40.7365963,30.0231861,4.1
85.0,2.0,2.0,1,21.0,4,0.0,40.8176435,29.3787483,1.19
145.0,3.0,2.0,1,4.0,3,0.0,40.7659429,29.7570809,3.75
89.0,2.0,2.0,1,0.0,3,1.0,40.7365963,30.0231861,1.999999
55.0,1.0,2.0,1,11.0,4,1.0,40.795564,29.883291,1.49
79.0,2.0,2.0,1,0.0,3,0.0,40.7387377,30.0723009,1.899999
200.0,3.0,2.0,1,11.0,1,0.0,40.7548512,30.0361888,3.5
90.0,2.0,2.0,1,4.0,4,0.0,40.8231961,29.3671362,2.48
120.0,3.0,1.0,1,5.0,4,0.0,40.7634588,29.85982379999999,2.55
130.0,3.0,4.0,1,21.0,6,0.0,40.7593509,29.8742885,3.75
125.0,3.0,2.0,1,11.0,3,0.0,40.7532944,29.8222085,2.66
75.0,2.0,2.0,2,0.0,3,0.0,40.7064933,29.9827252,2.5
170.0,4.0,2.0,3,1.0,3,0.0,40.7010052,29.8554841,3.75
130.0,3.0,1.0,2,2.0,4,0.0,40.7365963,30.0231861,3.65
95.0,2.0,4.0,1,2.0,4,0.0,40.8359257,29.4005185,2.45
75.0,2.0,2.0,1,0.0,7,0.0,40.800946,29.995282,2.95
750.0,8.0,2.0,6,21.0,3,0.0,40.6832909,29.633274,27.0
95.0,3.0,2.0,1,0.0,4,0.0,40.8188859,29.403421,2.975
80.0,2.0,3.0,1,0.0,4,0.0,40.7147344,29.9538172,2.65
70.0,2.0,4.0,1,21.0,4,0.0,40.8055082,29.4222855,1.257
110.0,3.0,3.0,2,5.0,3,0.0,40.7365963,30.0231861,2.25
120.0,3.0,3.0,1,21.0,3,0.0,40.7726069,29.9314092,1.35
95.0,2.0,2.0,1,11.0,3,0.0,40.77316889999999,29.9639357,2.985
79.0,2.0,2.0,1,0.0,4,0.0,40.7147344,29.9538172,1.999999
90.0,2.0,2.0,1,5.0,4,0.0,40.7812258,29.384554,2.395
140.0,3.0,2.0,1,0.0,3,0.0,40.6944072,29.9682719,3.225
85.0,3.0,3.0,1,0.0,4,1.0,40.813718,29.951476,2.85
170.0,4.0,3.0,2,0.0,3,0.0,40.6896527,29.8873054,4.6
130.0,3.0,2.0,1,0.0,2,0.0,40.7438656,30.0463012,3.25
90.0,2.0,3.0,1,0.0,5,0.0,40.71265229999999,29.9408065,2.7
100.0,3.0,2.0,1,16.0,3,1.0,40.697935,29.9436979,1.875
110.0,2.0,1.0,1,11.0,5,0.0,40.7806769,29.3656846,2.75
55.0,1.0,2.0,1,11.0,4,0.0,40.7669386,29.3973465,2.0
110.0,3.0,2.0,1,5.0,3,1.0,40.753727,29.7961611,2.475
90.0,2.0,4.0,1,5.0,5,1.0,40.770276,29.987535,2.2
90.0,2.0,1.0,1,11.0,3,0.0,40.7947045,29.3569749,2.0
130.0,3.0,2.0,1,5.0,3,0.0,40.77316889999999,29.9639357,3.35
90.0,2.0,3.0,1,21.0,3,0.0,40.7685945,29.9079131,4.8
110.0,3.0,5.0,1,21.0,5,0.0,40.7634588,29.85982379999999,1.55
98.0,3.0,2.0,1,21.0,3,0.0,40.7645032,29.8439109,2.25
75.0,2.0,1.0,1,5.0,3,0.0,40.77521369999999,29.9364694,2.05
120.0,3.0,2.0,2,0.0,3,0.0,40.7548512,30.0361888,2.49
105.0,2.0,1.0,1,0.0,3,0.0,40.7365963,30.0231861,2.7
130.0,3.0,2.0,2,0.0,3,1.0,40.7365963,30.0231861,6.4
110.0,3.0,2.0,2,0.0,3,0.0,40.7365963,30.0231861,2.5
100.0,3.0,1.0,2,0.0,3,0.0,40.7365963,30.0231861,2.95
130.0,3.0,3.0,2,0.0,3,0.0,40.7365963,30.0231861,3.6
110.0,3.0,1.0,1,0.0,3,1.0,40.7365963,30.0231861,2.9
120.0,2.0,2.0,2,0.0,3,0.0,40.758402,30.0116271,2.7
130.0,3.0,2.0,1,0.0,2,0.0,40.7520434,30.0217413,2.7
95.0,2.0,2.0,2,1.0,3,0.0,40.7365963,30.0231861,2.4
55.0,1.0,2.0,1,0.0,4,1.0,40.7548512,30.0361888,1.8
100.0,2.0,2.0,1,1.0,3,1.0,40.7365963,30.0231861,2.4
90.0,2.0,2.0,1,0.0,4,0.0,40.73142989999999,30.13006009999999,2.911
105.0,2.0,4.0,1,0.0,4,1.0,40.7548512,30.0361888,2.35
80.0,3.0,3.0,2,0.0,3,1.0,40.7264202,29.9899512,2.86
135.0,3.0,2.0,2,0.0,4,1.0,40.7147344,29.9538172,3.1
80.0,2.0,2.0,1,1.0,2,1.0,40.7365963,30.0231861,2.0
145.0,3.0,3.0,2,0.0,4,1.0,40.7147344,29.9538172,3.3
120.0,3.0,2.0,2,5.0,3,0.0,40.7548512,30.0361888,2.425
55.0,1.0,2.0,1,0.0,4,1.0,40.7548512,30.0361888,1.83
90.0,2.0,2.0,1,0.0,4,1.0,40.7548512,30.0361888,3.5
85.0,2.0,2.0,1,0.0,4,0.0,40.7548512,30.0361888,3.4
61.0,2.0,1.0,1,0.0,3,0.0,40.7387377,30.0723009,2.1
112.0,3.0,6.0,2,4.0,12,1.0,40.8257564,29.4701613,4.75
150.0,3.0,2.0,2,11.0,2,1.0,40.7008827,30.1156226,6.89
60.0,2.0,2.0,1,0.0,3,0.0,40.7438656,30.0463012,1.51
110.0,3.0,2.0,2,0.0,3,0.0,40.7400611,30.0029572,2.75
96.0,3.0,2.0,2,0.0,3,0.0,40.7387377,30.0723009,2.63
125.0,3.0,1.0,2,0.0,3,0.0,40.7365963,30.0231861,2.599999
119.0,3.0,3.0,1,0.0,3,0.0,40.7548512,30.0361888,2.299999
110.0,3.0,3.0,1,21.0,4,0.0,40.7659429,29.7570809,2.4
20.0,1.0,2.0,1,0.0,1,0.0,40.7857558,29.4556552,0.0695
118.0,3.0,4.0,1,21.0,7,0.0,40.7683026,29.9769441,4.0
90.0,2.0,2.0,1,1.0,4,1.0,40.7147344,29.9538172,3.75
105.0,2.0,1.0,2,16.0,3,0.0,40.7583923,29.3852797,3.35
110.0,2.0,2.0,2,11.0,5,0.0,40.7956379,29.4077745,2.52
90.0,2.0,2.0,1,5.0,4,1.0,40.7921818,29.436795,2.6
95.0,2.0,2.0,2,0.0,3,0.0,40.7064933,29.9827252,2.0
60.0,2.0,1.0,1,4.0,3,0.0,40.77521369999999,29.9364694,1.899
135.0,3.0,2.0,1,21.0,6,0.0,40.68921280000001,29.6180407,2.5
100.0,2.0,3.0,1,0.0,3,0.0,40.7365963,30.0231861,2.2
360.0,9.0,2.0,3,21.0,4,0.0,40.7613341,29.9364694,3.85
200.0,4.0,5.0,2,4.0,5,1.0,40.7749374,29.9089976,5.2
75.0,2.0,4.0,1,5.0,4,0.0,40.793316,29.9581538,2.35
150.0,3.0,3.0,2,5.0,5,1.0,40.7728552,29.8959827,3.99
130.0,3.0,3.0,1,0.0,3,0.0,40.7387377,30.0723009,2.35
130.0,3.0,1.0,1,21.0,3,0.0,40.6834256,29.5890568,2.7
120.0,3.0,2.0,1,21.0,5,0.0,40.7659429,29.7570809,2.5
58.0,1.0,2.0,1,5.0,3,0.0,40.77316889999999,29.9639357,1.575
110.0,2.0,4.0,1,21.0,5,0.0,40.7532944,29.8222085,1.25
100.0,3.0,4.0,1,11.0,4,0.0,40.7617966,29.3918108,3.0
100.0,3.0,4.0,1,21.0,5,0.0,40.7789789,29.8091854,2.09
60.0,1.0,2.0,1,0.0,3,0.0,40.7617966,29.3918108,2.14
75.0,2.0,3.0,1,0.0,3,0.0,40.7548512,30.0361888,2.25
80.0,2.0,2.0,1,21.0,6,0.0,40.7690192,29.9379151,2.2
110.0,2.0,4.0,1,21.0,4,0.0,40.8231961,29.3671362,1.75
90.0,2.0,3.0,1,0.0,3,0.0,40.7147344,29.9538172,2.0
125.0,3.0,2.0,1,11.0,3,0.0,40.7532944,29.8222085,2.66
170.0,4.0,2.0,2,0.0,3,1.0,40.7365963,30.0231861,7.3
90.0,3.0,2.0,3,3.0,5,1.0,40.6944072,29.9682719,3.6
100.0,3.0,4.0,1,21.0,4,1.0,40.7683026,29.9769441,2.91
135.0,3.0,3.0,1,0.0,3,0.0,40.7614938,29.7932666,3.0
140.0,3.0,2.0,2,0.0,3,0.0,40.7548512,30.0361888,2.65
145.0,3.0,2.0,2,0.0,3,1.0,40.7365963,30.0231861,6.3
90.0,2.0,2.0,1,11.0,3,0.0,40.7645032,29.8439109,1.999
140.0,3.0,2.0,2,5.0,3,1.0,40.7074291,29.9306863,2.42
120.0,3.0,1.0,1,21.0,6,0.0,40.7683026,29.9769441,3.75
85.0,2.0,1.0,1,0.0,3,0.0,40.7387377,30.0723009,2.27
120.0,3.0,4.0,1,16.0,4,1.0,40.7789789,29.8091854,2.66
120.0,3.0,3.0,2,0.0,3,0.0,40.7502682,29.7715563,3.1
30.0,3.0,4.0,1,4.0,6,1.0,40.7438656,30.0463012,1.465
250.0,5.0,2.0,2,5.0,3,1.0,40.795564,29.883291,8.2
110.0,3.0,2.0,1,0.0,3,0.0,40.6918869,29.9364694,3.3
80.0,2.0,3.0,1,3.0,3,1.0,40.7010052,29.8554841,2.59
124.0,3.0,2.0,2,0.0,9,1.0,40.795564,29.883291,4.09
90.0,2.0,1.0,1,5.0,3,0.0,40.7634588,29.85982379999999,2.65
150.0,3.0,2.0,1,2.0,3,0.0,40.7804258,29.9465892,3.2
75.0,2.0,2.0,2,1.0,5,0.0,40.8228769,29.3932622,2.55
105.0,2.0,3.0,1,0.0,4,0.0,40.7438656,30.0463012,2.3
299.0,1.0,2.0,0,21.0,3,0.0,40.7956379,29.4077745,8.25
50.0,1.0,2.0,1,3.0,1,0.0,41.00723199999999,29.975067,1.8
135.0,3.0,6.0,1,5.0,11,1.0,40.77521369999999,29.9364694,5.1
100.0,2.0,2.0,1,21.0,4,0.0,40.7659429,29.7570809,1.66
75.0,2.0,3.0,1,0.0,4,0.0,40.8361956,29.3787483,2.19
85.0,2.0,2.0,1,21.0,2,0.0,40.7502682,29.7715563,1.86
94.0,2.0,2.0,1,0.0,4,0.0,40.6944072,29.9682719,2.6
140.0,3.0,2.0,1,0.0,4,0.0,40.6944072,29.9682719,3.3
73.0,1.0,2.0,1,1.0,4,1.0,40.7365963,30.0231861,3.24
140.0,4.0,4.0,2,11.0,4,0.0,40.8361956,29.3787483,3.6
95.0,2.0,2.0,1,0.0,3,0.0,40.7812258,29.384554,2.645
85.0,2.0,2.0,1,5.0,4,0.0,40.8055082,29.4222855,2.8
85.0,1.0,2.0,1,0.0,3,0.0,40.7042886,29.8439109,3.65
750.0,7.0,2.0,6,11.0,4,0.0,40.7806769,29.3656846,69.5
85.0,2.0,2.0,1,5.0,4,0.0,40.8055082,29.4222855,2.4
230.0,6.0,1.0,2,5.0,4,1.0,40.770276,29.987535,3.5
85.0,2.0,4.0,1,11.0,4,0.0,40.8231961,29.3671362,2.55
120.0,3.0,2.0,1,0.0,4,0.0,40.6944072,29.9682719,3.1
85.0,2.0,2.0,1,5.0,10,1.0,40.7804258,29.9465892,1.975
200.0,4.0,3.0,2,5.0,3,0.0,40.7269758,29.9595993,4.25
120.0,3.0,2.0,2,0.0,3,1.0,40.7365963,30.0231861,4.25
115.0,3.0,2.0,1,16.0,2,1.0,40.7034787,29.8916441,8.3
100.0,2.0,2.0,1,0.0,3,0.0,40.7042886,29.8439109,4.3
95.0,2.0,2.0,1,2.0,3,0.0,40.778778,29.9523716,2.15
110.0,3.0,6.0,1,21.0,7,0.0,40.7683026,29.9769441,3.4
130.0,3.0,3.0,1,5.0,3,0.0,40.71265229999999,29.9408065,2.9
155.0,4.0,2.0,3,5.0,3,0.0,40.6953301,29.8713957,4.36
150.0,4.0,2.0,3,5.0,2,0.0,40.7110243,29.9017673,3.8
156.0,3.0,3.0,2,5.0,4,1.0,40.7269758,29.9595993,4.5
110.0,3.0,5.0,1,21.0,7,0.0,40.7685945,29.9079131,1.5
150.0,3.0,3.0,2,11.0,3,0.0,40.71265229999999,29.9408065,3.35
137.0,3.0,2.0,2,11.0,4,0.0,40.770276,29.987535,3.33
75.0,1.0,6.0,1,11.0,6,0.0,40.7438656,30.0463012,3.5
140.0,3.0,3.0,2,0.0,3,0.0,40.7365963,30.0231861,2.842
130.0,3.0,1.0,1,5.0,3,0.0,40.793316,29.9581538,2.4
125.0,3.0,2.0,1,16.0,3,0.0,40.6843433,29.9263488,1.98
52.0,3.0,4.0,1,4.0,6,0.0,40.7438656,30.0463012,1.9
90.0,2.0,2.0,1,0.0,4,0.0,40.7147344,29.9538172,3.25
84.0,2.0,2.0,1,11.0,3,0.0,40.71265229999999,29.9408065,2.35
75.0,2.0,2.0,1,1.0,4,0.0,40.793316,29.9581538,2.1
215.0,4.0,3.0,2,0.0,3,0.0,40.7617966,29.3918108,5.5
100.0,3.0,2.0,1,16.0,3,0.0,40.71265229999999,29.9408065,2.5
100.0,3.0,1.0,1,21.0,3,0.0,40.7675686,29.932855,1.8
95.0,2.0,2.0,1,0.0,3,0.0,40.7764794,29.3932622,3.0
160.0,3.0,2.0,3,1.0,4,1.0,40.7147344,29.9538172,6.35
90.0,2.0,2.0,1,0.0,3,0.0,40.7365963,30.0231861,2.35
77.0,2.0,6.0,1,5.0,9,1.0,40.7804258,29.9465892,2.275
105.0,2.0,2.0,1,4.0,4,0.0,40.7438656,30.0463012,2.8
165.0,3.0,2.0,2,0.0,3,0.0,40.7812258,29.384554,3.295
170.0,4.0,2.0,4,0.0,2,1.0,40.6944072,29.9682719,7.85
95.0,3.0,8.0,1,21.0,12,0.0,40.7734692,29.9892286,1.95
135.0,3.0,5.0,1,21.0,5,1.0,40.7659429,29.7570809,1.58
120.0,3.0,3.0,1,5.0,4,0.0,40.7042886,29.8439109,3.2
40.0,1.0,2.0,1,2.0,5,1.0,40.78845039999999,29.9711627,1.895
90.0,2.0,4.0,1,21.0,4,0.0,40.7653053,29.7961611,1.25
95.0,2.0,2.0,1,0.0,1,0.0,40.968414,30.151792,5.75
85.0,3.0,3.0,1,21.0,3,1.0,40.7034787,29.8916441,2.475
95.0,2.0,2.0,2,5.0,5,0.0,40.8015696,29.4280895,1.78
3.355,3.0,2.0,2,0.0,2,0.0,40.8866202,29.9104436,6.75
94.0,3.0,2.0,2,0.0,3,0.0,40.7182499,30.0145169,3.25
280.0,4.0,4.0,2,5.0,4,0.0,40.7593509,29.8742885,5.75
128.0,2.0,2.0,1,0.0,6,1.0,40.6944072,29.9682719,3.049999
85.0,2.0,2.0,1,5.0,3,0.0,40.7502682,29.7715563,2.35
85.0,2.0,2.0,2,0.0,5,0.0,40.8106236,29.4455,2.4
120.0,3.0,2.0,1,0.0,3,1.0,40.7010052,29.8554841,2.9
70.0,1.0,2.0,1,21.0,4,0.0,40.824215,29.372234,0.845
167.0,5.0,2.0,2,16.0,2,0.0,40.8216853,29.4266385,4.05
80.0,2.0,2.0,2,0.0,4,0.0,40.8361956,29.3787483,2.5
120.0,2.0,3.0,1,3.0,3,0.0,40.7400611,30.0029572,2.78
60.0,1.0,2.0,1,21.0,3,0.0,40.7616073,29.9212883,1.77
60.0,1.0,3.0,1,21.0,3,0.0,40.7616073,29.9212883,1.77
85.0,3.0,3.0,1,0.0,3,0.0,40.7074291,29.9306863,3.1
75.0,2.0,2.0,1,21.0,5,0.0,40.7160544,29.8330601,1.25
115.0,3.0,2.0,1,5.0,3,0.0,40.7766241,29.9436979,3.2
145.0,3.0,2.0,2,21.0,5,0.0,40.7659429,29.7570809,1.85
86.0,2.0,2.0,1,5.0,3,0.0,40.7665482,29.9465892,2.47
120.0,3.0,2.0,1,21.0,3,0.0,40.7740571,29.8265492,1.115
803.0,2.0,2.0,1,2.0,1,0.0,41.103284,30.257858,3.5
260.0,4.0,2.0,2,11.0,3,0.0,40.75283570000001,29.803397,5.1
70.0,2.0,2.0,1,16.0,4,0.0,40.78985660000001,29.3743939,1.4
150.0,3.0,2.0,2,11.0,4,1.0,40.790836,29.4208345,4.5
155.0,3.0,2.0,2,5.0,3,1.0,40.7532944,29.8222085,3.45
115.0,3.0,2.0,1,5.0,3,0.0,40.7645032,29.8439109,2.71
145.0,3.0,2.0,1,5.0,3,0.0,40.7074291,29.9306863,2.2
75.0,1.0,2.0,1,0.0,4,1.0,40.7438656,30.0463012,4.25
160.0,3.0,4.0,1,0.0,4,0.0,40.8361956,29.3787483,3.1
135.0,3.0,2.0,2,0.0,3,0.0,40.7502682,29.7715563,2.95
85.0,2.0,2.0,1,0.0,3,0.0,40.7365963,30.0231861,1.69
95.0,2.0,2.0,1,16.0,2,1.0,40.7904199,29.94803479999999,2.0
400.0,5.0,2.0,3,5.0,3,0.0,40.856727,29.466808,13.4
102.0,3.0,2.0,2,0.0,4,1.0,40.69860389999999,29.9494804,5.5
200.0,3.0,3.0,2,5.0,5,0.0,40.8106236,29.4455,4.8
160.0,3.0,1.0,1,21.0,5,0.0,40.7625464,29.9118896,1.36
140.0,3.0,2.0,1,16.0,5,0.0,40.6931036,29.6701969,2.45
90.0,2.0,2.0,1,0.0,3,0.0,40.7502682,29.7715563,2.75
90.0,2.0,2.0,1,21.0,6,0.0,40.7662541,29.9202039,1.96
150.0,4.0,2.0,2,11.0,3,1.0,40.7438656,30.0463012,3.5
135.0,3.0,2.0,1,21.0,5,0.0,40.7659429,29.7570809,1.58
85.0,2.0,2.0,1,0.0,3,0.0,40.6860351,29.8265492,2.395
95.0,3.0,2.0,1,21.0,3,1.0,40.697935,29.9436979,1.875
120.0,3.0,1.0,1,16.0,7,0.0,40.8359257,29.4005185,3.3
95.0,2.0,3.0,1,0.0,4,0.0,40.7999983,29.3671362,3.28
95.0,2.0,3.0,1,0.0,3,0.0,40.77684319999999,29.7512903,2.295
120.0,2.0,3.0,1,0.0,3,0.0,40.7740571,29.8265492,2.75
130.0,3.0,2.0,2,0.0,3,0.0,40.7764794,29.3932622,3.5
85.0,2.0,2.0,1,0.0,4,0.0,40.7617966,29.3918108,2.535
88.0,2.0,1.0,1,0.0,3,0.0,40.7502682,29.7715563,2.7
90.0,2.0,1.0,1,0.0,3,0.0,40.7740571,29.8265492,2.8
35.0,1.0,1.0,1,0.0,5,0.0,40.78845039999999,29.9711627,2.64
125.0,3.0,4.0,2,0.0,4,0.0,40.8228769,29.3932622,2.65
145.0,3.0,2.0,2,0.0,4,0.0,40.6944072,29.9682719,3.95
85.0,2.0,2.0,1,0.0,3,0.0,40.7764794,29.3932622,2.3
135.0,2.0,3.0,1,0.0,3,0.0,40.7740571,29.8265492,2.9
90.0,2.0,2.0,1,0.0,3,0.0,40.7502682,29.7715563,2.8
52.0,1.0,2.0,2,0.0,3,0.0,40.7110243,29.9017673,2.625
90.0,2.0,3.0,1,0.0,4,0.0,40.7617966,29.3918108,2.795
70.0,2.0,5.0,1,0.0,6,0.0,40.819435,29.974783,2.55
122.0,2.0,2.0,2,5.0,2,0.0,40.630586,29.965696,8.85
200.0,3.0,2.0,1,5.0,2,1.0,40.770276,29.987535,5.775
85.0,2.0,2.0,1,3.0,3,0.0,40.7365963,30.0231861,2.15
20.0,3.0,4.0,1,3.0,5,1.0,40.7438656,30.0463012,1.725
125.0,3.0,2.0,1,5.0,3,1.0,40.7031023,29.8685028,2.4
135.0,3.0,2.0,2,2.0,5,1.0,40.770276,29.987535,6.65
75.0,2.0,3.0,1,0.0,4,1.0,40.7365963,30.0231861,2.42
90.0,3.0,4.0,1,4.0,4,0.0,40.770276,29.987535,2.8
120.0,3.0,1.0,1,21.0,4,0.0,40.7401164,29.9581538,4.5
400.0,9.0,2.0,5,4.0,5,0.0,40.7747821,29.9176735,225.0
130.0,3.0,1.0,1,21.0,3,0.0,40.7401164,29.9581538,7.5
75.0,2.0,2.0,1,4.0,3,0.0,40.7840346,29.9176735,2.1
75.0,2.0,2.0,1,5.0,1,0.0,41.041184,30.23278299999999,3.75
122.0,3.0,1.0,2,0.0,4,0.0,40.758402,30.0116271,4.602
130.0,3.0,2.0,2,4.0,3,1.0,40.7683026,29.9769441,5.35
90.0,2.0,1.0,1,0.0,3,0.0,40.7147344,29.9538172,3.35
57.0,1.0,4.0,1,5.0,5,0.0,40.6944072,29.9682719,2.4
100.0,3.0,2.0,1,21.0,5,0.0,40.7683026,29.9769441,2.65
55.0,1.0,3.0,1,5.0,4,1.0,40.795564,29.883291,1.25
136.0,3.0,4.0,2,5.0,4,1.0,40.7365963,30.0231861,4.75
120.0,2.0,4.0,2,0.0,5,1.0,40.7365963,30.0231861,3.65
90.0,2.0,3.0,2,0.0,3,0.0,40.7548512,30.0361888,2.2
130.0,3.0,2.0,2,5.0,4,1.0,40.7042886,29.8439109,2.95
105.0,3.0,3.0,1,16.0,4,0.0,40.7804057,29.9892286,2.4
110.0,2.0,3.0,1,0.0,3,0.0,40.7520434,30.0217413,2.5
126.0,3.0,2.0,2,11.0,3,1.0,40.7438656,30.0463012,4.3
135.0,3.0,1.0,2,0.0,4,0.0,40.753727,29.7961611,4.35
270.0,4.0,2.0,2,3.0,3,0.0,40.7683026,29.9769441,9.7
169.0,3.0,2.0,1,0.0,3,0.0,40.7604584,29.8091854,3.3
145.0,4.0,2.0,2,5.0,3,0.0,40.7807635,29.7947139,3.55
80.0,2.0,2.0,1,5.0,3,0.0,40.71265229999999,29.9408065,2.2
80.0,2.0,2.0,1,0.0,3,1.0,40.7683026,29.9769441,3.5
164.0,4.0,2.0,4,0.0,2,0.0,40.7008827,30.1156226,13.0
95.0,2.0,1.0,1,5.0,5,0.0,40.7690192,29.9379151,2.6
140.0,3.0,2.0,2,5.0,4,1.0,40.7147344,29.9538172,4.695
360.0,9.0,2.0,3,21.0,4,0.0,40.7613341,29.9364694,3.85
160.0,4.0,3.0,1,5.0,3,0.0,40.77684319999999,29.7512903,2.65
90.0,2.0,2.0,2,0.0,4,0.0,40.8361956,29.3787483,2.7
110.0,2.0,1.0,1,21.0,3,0.0,40.7532944,29.8222085,1.95
75.0,2.0,4.0,1,11.0,4,1.0,40.7064933,29.9827252,1.65
78.0,1.0,2.0,0,11.0,5,0.0,40.8106236,29.4455,2.55
180.0,3.0,2.0,1,4.0,4,1.0,40.7947045,29.3569749,4.75
110.0,3.0,2.0,1,0.0,3,0.0,40.7947045,29.3569749,3.83
95.0,3.0,2.0,1,0.0,4,0.0,40.7672137,29.9523716,3.95
180.0,3.0,2.0,2,11.0,4,1.0,40.7127754,29.7976083,3.75
160.0,3.0,2.0,1,5.0,4,0.0,40.7999983,29.3671362,4.25
128.0,3.0,2.0,1,21.0,26,0.0,40.7679064,29.7787935,1.45
145.0,3.0,2.0,1,1.0,2,0.0,40.7106363,29.8337835,3.3
90.0,2.0,1.0,1,0.0,3,0.0,40.7947045,29.3569749,2.735
85.0,2.0,2.0,1,0.0,3,0.0,40.75283570000001,29.803397,2.43
80.0,2.0,3.0,1,0.0,4,0.0,40.8228769,29.3932622,2.55
120.0,3.0,3.0,1,5.0,4,0.0,40.8283772,29.3860054,2.4
100.0,4.0,3.0,2,5.0,3,0.0,40.7896467,29.3918108,3.25
85.0,2.0,5.0,1,5.0,6,0.0,40.8231961,29.3671362,1.79
85.0,1.0,6.0,1,5.0,6,0.0,40.8231961,29.3671362,1.45
75.0,2.0,2.0,1,5.0,6,0.0,40.8231961,29.3671362,1.45
130.0,3.0,2.0,2,5.0,3,0.0,40.7144528,29.9263488,3.775
112.0,3.0,2.0,1,0.0,3,0.0,40.7527798,30.0636349,3.65
115.0,3.0,2.0,1,0.0,4,0.0,40.8228769,29.3932622,2.6
170.0,4.0,3.0,1,5.0,4,0.0,40.7010052,29.8554841,3.95
85.0,2.0,2.0,2,4.0,4,0.0,40.8361956,29.3787483,2.2
130.0,3.0,3.0,2,0.0,3,0.0,40.7147344,29.9538172,3.425
85.0,2.0,2.0,1,21.0,2,1.0,40.7939933,29.6412236,1.39
105.0,3.0,3.0,1,11.0,5,0.0,40.8283772,29.3860054,2.565
130.0,3.0,2.0,1,5.0,3,0.0,40.7074291,29.9306863,2.73
100.0,2.0,2.0,1,21.0,4,0.0,40.7502682,29.7715563,1.75
110.0,3.0,3.0,1,0.0,4,0.0,40.8188859,29.403421,2.75
244.0,1.0,2.0,0,21.0,4,0.0,40.8361956,29.3787483,4.5
105.0,3.0,9.0,1,16.0,10,0.0,40.8248688,29.4193834,3.49
110.0,3.0,2.0,2,0.0,3,0.0,40.7870595,29.4135791,3.4
120.0,3.0,3.0,1,5.0,4,1.0,40.7722758,30.0116271,3.575
80.0,2.0,2.0,1,0.0,4,0.0,40.8283772,29.3860054,1.85
85.0,2.0,4.0,1,21.0,4,0.0,40.7675686,29.932855,1.599
65.0,1.0,2.0,1,0.0,6,0.0,40.78845039999999,29.9711627,4.5
120.0,3.0,3.0,2,0.0,5,1.0,40.758402,30.0116271,3.65
120.0,3.0,2.0,2,0.0,5,1.0,40.758402,30.0116271,3.65
104.0,3.0,2.0,1,0.0,3,0.0,40.8006714,29.9769441,3.6
140.0,4.0,3.0,2,5.0,3,0.0,40.77316889999999,29.9639357,3.65
96.0,2.0,3.0,1,0.0,6,0.0,40.78845039999999,29.9711627,5.62
85.0,2.0,2.0,1,5.0,4,0.0,40.8184455,29.4382459,1.75
170.0,3.0,9.0,2,4.0,9,1.0,40.8248688,29.4193834,5.8
115.0,3.0,3.0,1,16.0,3,1.0,40.770276,29.987535,4.2
90.0,2.0,2.0,1,0.0,5,0.0,40.8176435,29.3787483,2.6
89.0,2.0,2.0,1,0.0,3,0.0,40.8006714,29.9769441,2.9
90.0,2.0,2.0,1,5.0,5,0.0,40.8184455,29.4382459,1.7
220.0,4.0,5.0,2,0.0,5,0.0,40.8359257,29.4005185,3.8
120.0,3.0,7.0,1,5.0,7,1.0,40.8359257,29.4005185,4.25
100.0,3.0,2.0,2,0.0,4,0.0,40.8105789,29.3874568,2.7
130.0,4.0,4.0,2,0.0,4,0.0,40.8188859,29.403421,4.0
125.0,3.0,3.0,2,4.0,9,1.0,40.8248688,29.4193834,4.75
100.0,3.0,2.0,1,4.0,4,0.0,40.8176435,29.3787483,2.15
90.0,2.0,3.0,1,0.0,4,0.0,40.8228769,29.3932622,2.6
90.0,2.0,4.0,1,5.0,4,0.0,40.7792896,29.4164813,2.0
80.0,2.0,2.0,1,0.0,5,0.0,40.8176435,29.3787483,2.17
310.0,1.0,2.0,0,21.0,3,0.0,40.8231961,29.3671362,7.5
90.0,2.0,3.0,1,0.0,4,0.0,40.8188859,29.403421,2.7
95.0,2.0,2.0,2,5.0,5,0.0,40.8015696,29.4280895,1.8
250.0,5.0,6.0,2,5.0,6,0.0,40.8216853,29.4266385,4.1
180.0,4.0,2.0,1,0.0,5,0.0,40.7636197,29.3685878,7.5
180.0,4.0,4.0,1,0.0,4,0.0,40.8283772,29.3860054,4.85
230.0,4.0,2.0,2,0.0,5,0.0,40.7636197,29.3685878,8.5
90.0,2.0,3.0,1,0.0,4,0.0,40.8228769,29.3932622,2.54
110.0,3.0,3.0,1,4.0,4,0.0,40.8283772,29.3860054,3.125
200.0,4.0,5.0,2,0.0,5,0.0,40.8359257,29.4005185,3.95
70.0,2.0,2.0,1,0.0,3,0.0,40.8105789,29.3874568,2.39
170.0,4.0,2.0,2,0.0,4,0.0,40.8188859,29.403421,3.3
90.0,2.0,2.0,1,0.0,4,0.0,40.8043091,29.4556552,3.0
90.0,2.0,4.0,1,0.0,4,0.0,40.8228769,29.3932622,2.7
166.0,4.0,4.0,2,1.0,4,0.0,40.7645032,29.8439109,3.8
120.0,3.0,6.0,1,21.0,8,1.0,40.8248688,29.4193834,2.9
135.0,3.0,2.0,2,2.0,3,0.0,40.7806769,29.3656846,5.25
152.0,4.0,1.0,2,1.0,4,0.0,40.7645032,29.8439109,3.3
90.0,2.0,1.0,1,5.0,3,0.0,40.7618084,29.8207615,2.25
135.0,4.0,2.0,1,0.0,4,0.0,40.8283772,29.3860054,4.65
142.0,3.0,9.0,1,11.0,9,0.0,40.7804258,29.9465892,2.95
95.0,3.0,2.0,1,0.0,3,0.0,40.7520434,30.0217413,2.75
150.0,4.0,4.0,2,0.0,4,0.0,40.8069074,29.4338932,3.95
110.0,3.0,5.0,2,4.0,5,0.0,40.8106236,29.4455,3.0
142.0,3.0,5.0,1,11.0,9,1.0,40.7804258,29.9465892,2.625
112.0,2.0,2.0,1,0.0,5,1.0,40.7438656,30.0463012,2.75
130.0,3.0,2.0,2,16.0,3,1.0,40.7683026,29.9769441,6.25
115.0,3.0,2.0,1,16.0,5,0.0,40.7690192,29.9379151,2.3
100.0,2.0,3.0,1,5.0,3,1.0,40.7765666,29.9256259,2.3
120.0,3.0,2.0,1,4.0,3,0.0,40.77684319999999,29.7512903,2.75
33.0,1.0,4.0,1,0.0,6,0.0,40.81542,29.929028,1.7
100.0,2.0,1.0,1,0.0,3,0.0,40.7147344,29.9538172,2.55
100.0,3.0,1.0,1,0.0,3,0.0,40.7147344,29.9538172,3.25
90.0,2.0,1.0,1,0.0,2,0.0,40.7147344,29.9538172,2.35
80.0,2.0,2.0,1,0.0,3,0.0,40.7147344,29.9538172,2.25
140.0,3.0,1.0,2,0.0,3,0.0,40.71265229999999,29.9408065,3.1
140.0,3.0,3.0,1,5.0,3,0.0,40.7010052,29.8554841,2.75
80.0,2.0,2.0,1,5.0,2,0.0,41.126124,30.232834,4.3
95.0,2.0,4.0,1,4.0,7,0.0,40.8359257,29.4005185,4.5
115.0,3.0,3.0,2,3.0,5,0.0,40.8359257,29.4005185,2.95
157.0,3.0,2.0,2,5.0,3,1.0,40.7765666,29.9256259,3.35
115.0,3.0,2.0,1,0.0,4,0.0,40.8283772,29.3860054,3.1
63.0,2.0,3.0,1,0.0,9,1.0,40.8359257,29.4005185,3.1
120.0,3.0,3.0,2,0.0,4,0.0,40.8069074,29.4338932,3.9
85.0,2.0,3.0,1,0.0,4,0.0,40.8359257,29.4005185,2.3
140.0,3.0,2.0,1,0.0,3,0.0,40.7147344,29.9538172,3.2
110.0,3.0,2.0,1,0.0,4,0.0,40.8283772,29.3860054,3.3
190.0,4.0,4.0,1,0.0,4,0.0,40.8359257,29.4005185,3.7
125.0,3.0,2.0,1,0.0,5,0.0,40.8228769,29.3932622,2.75
105.0,3.0,3.0,2,5.0,5,0.0,40.7999983,29.3671362,4.5
110.0,3.0,2.0,1,0.0,4,0.0,40.8283772,29.3860054,2.65
110.0,3.0,2.0,1,0.0,4,0.0,40.8283772,29.3860054,3.55
110.0,2.0,2.0,1,0.0,4,0.0,40.8359257,29.4005185,2.56
115.0,3.0,3.0,1,0.0,3,0.0,40.77684319999999,29.7512903,2.65
110.0,3.0,3.0,1,4.0,3,0.0,40.7679064,29.7787935,2.625
115.0,3.0,3.0,2,0.0,3,0.0,40.77684319999999,29.7512903,2.85
120.0,3.0,1.0,1,5.0,2,0.0,40.7107208,29.9191194,3.4
120.0,3.0,3.0,1,2.0,3,1.0,40.7031023,29.8685028,2.95
180.0,4.0,5.0,2,0.0,5,0.0,40.8283772,29.3860054,3.3
80.0,2.0,10.0,1,21.0,12,1.0,40.7947045,29.3569749,2.8
180.0,4.0,2.0,3,0.0,1,0.0,40.6896527,29.8873054,9.0
135.0,3.0,4.0,1,5.0,11,0.0,40.77521369999999,29.9364694,4.5
90.0,2.0,3.0,1,21.0,3,0.0,40.7616073,29.9212883,1.75
155.0,4.0,3.0,2,0.0,4,0.0,40.7604584,29.8091854,3.6
136.0,3.0,2.0,2,5.0,4,0.0,40.6944072,29.9682719,3.5
140.0,3.0,3.0,2,4.0,3,0.0,40.7074291,29.9306863,2.75
135.0,3.0,2.0,2,0.0,4,0.0,40.7438656,30.0463012,3.85
118.0,3.0,2.0,1,4.0,3,0.0,40.6918869,29.9364694,2.43
95.0,2.0,2.0,1,4.0,4,0.0,40.7074291,29.9306863,2.7
120.0,3.0,3.0,1,16.0,3,1.0,40.697935,29.9436979,1.85
75.0,2.0,3.0,1,4.0,3,0.0,40.7042886,29.8439109,2.2
165.0,3.0,5.0,2,1.0,5,0.0,40.7765666,29.9256259,3.9
220.0,4.0,2.0,3,0.0,2,0.0,40.670517,29.9220112,16.75
153.0,3.0,2.0,1,0.0,2,0.0,40.7107208,29.9191194,3.75
100.0,2.0,2.0,1,0.0,4,0.0,40.8228769,29.3932622,2.1
110.0,3.0,2.0,1,0.0,4,0.0,40.8188859,29.403421,3.75
120.0,3.0,11.0,2,11.0,15,1.0,40.7766469,29.9841704,4.8
116.0,2.0,2.0,1,0.0,2,0.0,40.7107208,29.9191194,2.73
80.0,2.0,1.0,1,0.0,4,0.0,40.8106236,29.4455,2.5
60.0,1.0,2.0,1,5.0,4,0.0,40.8216853,29.4266385,1.45
95.0,3.0,2.0,1,0.0,5,0.0,40.8359257,29.4005185,3.1
165.0,4.0,1.0,1,0.0,5,0.0,40.8283772,29.3860054,2.75
95.0,3.0,1.0,1,1.0,4,0.0,40.8055082,29.4222855,2.4
145.0,4.0,4.0,2,0.0,4,0.0,40.8106236,29.4455,3.8
97.0,3.0,2.0,1,4.0,4,0.0,40.8005444,29.3860054,2.5
120.0,2.0,2.0,2,0.0,4,0.0,40.7956379,29.4077745,3.15
95.0,2.0,3.0,2,5.0,5,0.0,40.8015696,29.4280895,2.55
180.0,4.0,6.0,2,11.0,6,0.0,40.8248688,29.4193834,4.65
110.0,3.0,2.0,1,16.0,4,0.0,40.8055082,29.4222855,1.45
120.0,2.0,2.0,1,0.0,4,0.0,40.8176435,29.3787483,2.5
100.0,2.0,2.0,1,0.0,3,0.0,40.8055082,29.4222855,2.45
120.0,3.0,3.0,1,0.0,4,0.0,40.8176435,29.3787483,3.0
120.0,3.0,5.0,1,0.0,5,0.0,40.8228769,29.3932622,2.75
75.0,2.0,2.0,1,0.0,4,0.0,40.8188859,29.403421,2.3
120.0,3.0,4.0,1,16.0,4,0.0,40.8216853,29.4266385,6.5
140.0,3.0,4.0,1,2.0,4,0.0,40.8105789,29.3874568,2.6
130.0,3.0,3.0,1,0.0,4,0.0,40.8106236,29.4455,4.3
210.0,5.0,4.0,2,4.0,4,0.0,40.8216853,29.4266385,4.9
160.0,4.0,4.0,1,5.0,4,0.0,40.8283772,29.3860054,3.0
110.0,3.0,3.0,1,0.0,5,0.0,40.8055082,29.4222855,3.5
120.0,3.0,3.0,2,0.0,5,0.0,40.8188859,29.403421,3.55
90.0,2.0,3.0,1,5.0,4,0.0,40.8184455,29.4382459,2.65
115.0,3.0,2.0,1,0.0,4,1.0,40.758402,30.0116271,3.4
80.0,2.0,2.0,2,0.0,5,0.0,40.8188859,29.403421,2.55
130.0,4.0,4.0,1,0.0,4,0.0,40.8283772,29.3860054,3.6
75.0,2.0,2.0,1,0.0,4,0.0,40.8106236,29.4455,2.35
100.0,3.0,2.0,2,0.0,3,0.0,40.7147344,29.9538172,2.7
110.0,3.0,1.0,1,0.0,5,0.0,40.8228769,29.3932622,3.2
150.0,4.0,4.0,1,4.0,4,0.0,40.8216853,29.4266385,3.25
160.0,4.0,1.0,2,0.0,5,0.0,40.8359257,29.4005185,2.95
90.0,2.0,3.0,1,0.0,5,0.0,40.8228769,29.3932622,2.4
75.0,2.0,2.0,1,0.0,3,0.0,40.8188859,29.403421,2.33
120.0,3.0,2.0,1,0.0,4,0.0,40.8228769,29.3932622,3.1
85.0,2.0,1.0,1,5.0,4,0.0,40.8106236,29.4455,2.34
140.0,4.0,2.0,3,0.0,4,0.0,40.8359257,29.4005185,3.1
105.0,3.0,3.0,1,0.0,5,0.0,40.8359257,29.4005185,3.1
85.0,2.0,2.0,1,0.0,4,0.0,40.8228769,29.3932622,2.35
85.0,2.0,1.0,1,5.0,8,1.0,40.8359257,29.4005185,3.1
85.0,2.0,3.0,1,0.0,4,0.0,40.8283772,29.3860054,2.89
110.0,2.0,4.0,1,0.0,4,0.0,40.8228769,29.3932622,2.25
110.0,3.0,2.0,1,0.0,4,0.0,40.8361956,29.3787483,2.85
90.0,2.0,2.0,1,4.0,6,0.0,40.8216853,29.4266385,2.57
65.0,2.0,2.0,1,0.0,4,0.0,40.8361956,29.3787483,1.85
165.0,4.0,1.0,1,0.0,5,0.0,40.8283772,29.3860054,2.85
220.0,5.0,5.0,2,0.0,5,0.0,40.8283772,29.3860054,3.85
85.0,2.0,4.0,1,0.0,5,0.0,40.8216853,29.4266385,2.9
80.0,2.0,2.0,1,0.0,4,0.0,40.8117542,29.3540715,2.5
240.0,5.0,4.0,2,4.0,4,0.0,40.8055082,29.4222855,4.0
85.0,2.0,2.0,1,0.0,5,0.0,40.8216853,29.4266385,2.75
125.0,3.0,3.0,1,0.0,5,0.0,40.8106236,29.4455,3.5
80.0,2.0,1.0,1,4.0,4,0.0,40.8055082,29.4222855,2.425
160.0,4.0,4.0,2,0.0,5,0.0,40.8176435,29.3787483,3.6
185.0,3.0,2.0,2,3.0,3,0.0,40.6968245,29.9191194,7.1
120.0,3.0,3.0,1,4.0,4,0.0,40.793316,29.9581538,2.95
70.0,2.0,2.0,1,2.0,5,0.0,40.8015696,29.4280895,2.3
177.0,4.0,2.0,3,0.0,2,1.0,40.667677,29.9075516,8.6
55.0,2.0,1.0,1,0.0,3,0.0,40.7659429,29.7570809,3.0
90.0,2.0,2.0,1,5.0,4,0.0,40.7806769,29.3656846,2.65
140.0,3.0,2.0,3,0.0,2,1.0,40.667677,29.9075516,6.7
125.0,3.0,4.0,1,11.0,5,0.0,40.7208682,29.8222085,2.15
160.0,3.0,1.0,1,11.0,2,0.0,40.6896527,29.8873054,3.5
140.0,2.0,2.0,2,0.0,1,1.0,40.667677,29.9075516,5.95
170.0,4.0,1.0,2,0.0,4,0.0,40.7010052,29.8554841,2.75
125.0,3.0,1.0,1,1.0,4,0.0,40.7031023,29.8685028,3.5
110.0,4.0,3.0,2,0.0,4,0.0,40.6912137,29.69337119999999,3.8
85.0,2.0,2.0,1,5.0,3,1.0,40.7438656,30.0463012,2.35
140.0,4.0,3.0,2,4.0,3,0.0,40.8283772,29.3860054,3.35
80.0,2.0,1.0,1,5.0,3,0.0,40.7625974,29.7730038,2.15
70.0,2.0,2.0,1,0.0,4,0.0,40.6912137,29.69337119999999,2.3
70.0,2.0,1.0,1,0.0,3,0.0,40.7147344,29.9538172,2.4
180.0,3.0,2.0,1,4.0,3,0.0,40.7139441,29.7730038,6.0
85.0,2.0,1.0,1,11.0,3,0.0,40.7904199,29.94803479999999,1.98
165.0,4.0,2.0,1,5.0,3,1.0,40.6953781,29.8222085,2.33
70.0,2.0,2.0,1,5.0,4,0.0,40.7956379,29.4077745,2.15
80.0,2.0,2.0,1,2.0,3,0.0,40.7266596,29.9769441,2.325
135.0,3.0,2.0,1,5.0,3,1.0,40.6944072,29.9682719,3.25
110.0,3.0,1.0,1,21.0,5,0.0,40.7635231,29.9003211,2.1
110.0,2.0,2.0,1,0.0,3,0.0,40.7548512,30.0361888,2.25
85.0,2.0,2.0,1,21.0,5,0.0,40.7160544,29.8330601,1.15
115.0,3.0,2.0,1,0.0,7,0.0,40.8216853,29.4266385,4.0
200.0,4.0,6.0,2,5.0,6,0.0,40.7921818,29.436795,4.1
175.0,4.0,2.0,2,5.0,5,0.0,40.7921818,29.436795,3.85
95.0,2.0,4.0,1,5.0,5,0.0,40.8055082,29.4222855,2.49
130.0,3.0,2.0,1,21.0,5,0.0,40.7921818,29.436795,2.0
100.0,1.0,3.0,1,21.0,3,0.0,40.8283772,29.3860054,1.05
125.0,3.0,2.0,1,0.0,4,0.0,40.8283772,29.3860054,3.65
145.0,3.0,2.0,1,0.0,2,0.0,40.7107208,29.9191194,3.6
90.0,2.0,2.0,1,0.0,3,0.0,40.7365963,30.0231861,1.99
145.0,4.0,2.0,2,21.0,3,0.0,40.7905943,29.7599761,8.75
180.0,4.0,2.0,1,0.0,4,0.0,40.8359257,29.4005185,2.85
120.0,3.0,2.0,1,0.0,4,0.0,40.8361956,29.3787483,3.6
180.0,4.0,4.0,2,0.0,4,0.0,40.8188859,29.403421,4.45
90.0,2.0,3.0,1,11.0,5,0.0,40.8216853,29.4266385,2.7
110.0,3.0,2.0,1,0.0,5,0.0,40.8359257,29.4005185,3.35
75.0,2.0,2.0,1,5.0,4,0.0,40.8055082,29.4222855,2.45
125.0,3.0,2.0,1,11.0,3,0.0,40.7718617,30.0332994,4.25
75.0,2.0,2.0,1,1.0,5,0.0,40.8117542,29.3540715,1.72
85.0,2.0,2.0,1,0.0,4,0.0,40.8361956,29.3787483,2.4
101.0,4.0,2.0,1,0.0,3,0.0,40.7659429,29.7570809,5.0
170.0,4.0,4.0,1,0.0,4,0.0,40.8188859,29.403421,3.75
80.0,2.0,2.0,1,0.0,4,0.0,40.8283772,29.3860054,2.17
105.0,3.0,4.0,2,21.0,7,0.0,40.7665482,29.9465892,2.31
135.0,3.0,4.0,1,21.0,7,0.0,40.790836,29.4208345,2.48
85.0,2.0,4.0,1,0.0,5,0.0,40.8055082,29.4222855,2.5
130.0,3.0,3.0,1,0.0,4,0.0,40.8188859,29.403421,3.6
120.0,3.0,3.0,1,0.0,5,1.0,40.8283772,29.3860054,3.4
85.0,2.0,3.0,1,0.0,4,0.0,40.8283772,29.3860054,2.44
90.0,2.0,2.0,2,2.0,4,0.0,40.8216853,29.4266385,2.5
120.0,3.0,3.0,1,0.0,5,0.0,40.8361956,29.3787483,3.0
220.0,5.0,2.0,2,21.0,2,0.0,40.8216853,29.4266385,6.9
244.0,3.0,2.0,1,21.0,1,0.0,40.8055082,29.4222855,3.45
120.0,3.0,2.0,2,3.0,4,0.0,40.8066419,29.3932622,2.65
100.0,2.0,5.0,2,3.0,5,0.0,40.7704809,29.428568,2.43
105.0,3.0,2.0,1,0.0,3,0.0,40.8216853,29.4266385,2.85
188.0,5.0,2.0,1,11.0,5,0.0,40.7921818,29.436795,13.5
90.0,2.0,3.0,1,0.0,4,0.0,40.8043091,29.4556552,3.0
150.0,4.0,2.0,2,0.0,5,0.0,40.8188859,29.403421,3.2
110.0,2.0,2.0,1,0.0,4,0.0,40.8283772,29.3860054,2.35
85.0,2.0,3.0,1,0.0,4,0.0,40.8283772,29.3860054,2.75
140.0,4.0,2.0,2,0.0,4,0.0,40.8228769,29.3932622,3.5
100.0,3.0,1.0,1,5.0,3,0.0,41.037491,29.949942,4.25
180.0,5.0,2.0,4,0.0,2,0.0,40.847358,30.198865,11.67
130.0,3.0,2.0,1,0.0,4,0.0,40.8283772,29.3860054,3.4
120.0,3.0,4.0,2,0.0,4,0.0,40.8105789,29.3874568,2.65
158.0,3.0,2.0,2,0.0,3,0.0,40.7064933,29.9827252,3.8
140.0,3.0,4.0,2,0.0,5,0.0,40.7147344,29.9538172,3.75
170.0,4.0,3.0,2,0.0,4,0.0,40.71265229999999,29.9408065,3.4
95.0,2.0,2.0,1,0.0,4,0.0,40.7387377,30.0723009,2.35
130.0,3.0,3.0,1,0.0,3,0.0,40.7365963,30.0231861,3.15
85.0,2.0,2.0,1,0.0,4,0.0,40.8359257,29.4005185,2.3
120.0,3.0,3.0,1,0.0,4,0.0,40.8228769,29.3932622,3.0
125.0,3.0,5.0,1,16.0,5,1.0,41.0720634,30.1355413,2.1
95.0,2.0,4.0,1,21.0,7,0.0,40.7683026,29.9769441,2.8
145.0,3.0,2.0,1,0.0,3,0.0,40.7147344,29.9538172,3.0
110.0,3.0,3.0,1,0.0,4,1.0,40.7548512,30.0361888,2.9
105.0,3.0,2.0,1,0.0,3,0.0,40.7365963,30.0231861,2.875
98.0,2.0,2.0,1,0.0,3,0.0,40.7527798,30.0636349,3.15
110.0,2.0,3.0,2,0.0,3,0.0,40.7365963,30.0231861,2.625
145.0,3.0,2.0,1,0.0,3,0.0,40.71265229999999,29.9408065,3.35
125.0,3.0,4.0,2,0.0,5,0.0,40.753727,29.7961611,3.85
145.0,3.0,3.0,2,0.0,6,1.0,40.6918869,29.9364694,4.25
135.0,3.0,2.0,1,0.0,4,0.0,40.770276,29.987535,3.65
85.0,2.0,3.0,1,0.0,4,1.0,40.7548512,30.0361888,3.4
135.0,3.0,3.0,1,0.0,3,0.0,40.7527798,30.0636349,3.75
85.0,2.0,3.0,1,0.0,4,1.0,40.7548512,30.0361888,3.4
79.0,2.0,2.0,1,0.0,4,0.0,40.7438656,30.0463012,2.299999
90.0,2.0,2.0,1,5.0,3,0.0,40.7266596,29.9769441,2.15
135.0,2.0,3.0,1,0.0,3,0.0,40.7527798,30.0636349,3.55
91.0,3.0,2.0,1,5.0,4,0.0,40.7705517,29.8511443,2.59
220.0,4.0,4.0,3,11.0,4,0.0,40.7659429,29.7570809,3.85
118.0,3.0,1.0,2,0.0,3,0.0,40.7064933,29.9827252,2.95
60.0,1.0,2.0,1,5.0,3,0.0,40.7669386,29.3973465,1.43
116.0,3.0,2.0,2,0.0,10,0.0,40.800946,29.995282,4.45
25.0,3.0,2.0,1,3.0,6,0.0,40.81542,29.929028,1.55
175.0,4.0,1.0,2,5.0,4,0.0,40.6944072,29.9682719,4.1
85.0,2.0,2.0,1,21.0,3,0.0,40.7583923,29.3852797,2.99
35.0,1.0,6.0,1,1.0,7,0.0,40.81542,29.929028,2.5
100.0,3.0,2.0,2,0.0,3,0.0,40.758402,30.0116271,3.2
105.0,2.0,2.0,1,11.0,4,0.0,40.8283772,29.3860054,2.565
70.0,2.0,3.0,1,1.0,3,0.0,40.7400611,30.0029572,2.07
85.0,2.0,1.0,1,5.0,4,0.0,40.7438656,30.0463012,2.95
70.0,2.0,4.0,1,1.0,4,0.0,40.7548512,30.0361888,2.65
175.0,4.0,4.0,2,5.0,5,0.0,40.6944072,29.9682719,4.29
100.0,3.0,2.0,1,0.0,3,0.0,40.7365963,30.0231861,2.65
135.0,4.0,3.0,2,0.0,3,0.0,40.7502682,29.7715563,2.78
115.0,2.0,3.0,1,0.0,3,0.0,40.7520434,30.0217413,2.1
190.0,4.0,2.0,1,4.0,2,0.0,40.7127754,29.7976083,6.05
110.0,3.0,2.0,1,16.0,8,1.0,40.7766241,29.9436979,2.2
140.0,3.0,1.0,2,5.0,4,0.0,40.77521369999999,29.9364694,3.75
85.0,2.0,2.0,1,0.0,3,0.0,40.7147344,29.9538172,2.25
120.0,3.0,2.0,1,0.0,3,0.0,40.7438656,30.0463012,2.35
59.0,1.0,1.0,1,0.0,5,1.0,40.7365963,30.0231861,1.865
300.0,5.0,2.0,5,5.0,2,0.0,41.144361,30.316875,9.85
75.0,2.0,1.0,1,0.0,3,0.0,40.7807635,29.7947139,2.6
150.0,3.0,4.0,3,21.0,6,0.0,40.7610979,29.9494804,3.5
110.0,3.0,8.0,2,5.0,10,0.0,40.795564,29.883291,4.95
120.0,3.0,3.0,1,11.0,5,1.0,40.8026437,29.9538172,2.35
125.0,3.0,2.0,2,5.0,3,1.0,40.68921280000001,29.6180407,4.9
83.0,2.0,2.0,1,1.0,3,0.0,40.7074291,29.9306863,2.815
75.0,2.0,4.0,2,0.0,6,1.0,40.800946,29.995282,2.5
125.0,3.0,2.0,1,11.0,3,0.0,40.7812258,29.384554,2.89
78.0,2.0,3.0,1,3.0,5,0.0,40.8176435,29.3787483,2.26
95.0,2.0,2.0,1,5.0,4,0.0,40.7764794,29.3932622,1.925
40.0,1.0,5.0,1,0.0,5,0.0,40.78845039999999,29.9711627,2.3
115.0,3.0,3.0,2,0.0,3,0.0,40.8283772,29.3860054,2.95
110.0,3.0,2.0,1,0.0,4,0.0,40.8283772,29.3860054,2.59
75.0,2.0,2.0,1,5.0,4,0.0,40.8117542,29.3540715,1.97
85.0,2.0,1.0,1,4.0,5,0.0,40.8117542,29.3540715,2.0
70.0,2.0,2.0,1,0.0,4,0.0,40.8176435,29.3787483,24.0
170.0,4.0,3.0,2,4.0,4,0.0,40.8188859,29.403421,2.95
85.0,2.0,2.0,1,5.0,4,0.0,40.8228769,29.3932622,2.26
85.0,2.0,1.0,1,0.0,4,0.0,40.8283772,29.3860054,2.445
110.0,3.0,1.0,1,0.0,4,0.0,40.8283772,29.3860054,2.75
80.0,2.0,1.0,1,0.0,3,0.0,40.7812258,29.384554,2.4
90.0,2.0,2.0,1,2.0,4,0.0,40.8228769,29.3932622,1.875
100.0,3.0,2.0,2,0.0,4,0.0,40.8105789,29.3874568,2.4
80.0,2.0,2.0,1,4.0,4,0.0,40.8283772,29.3860054,1.82
125.0,3.0,2.0,1,0.0,4,0.0,40.8228769,29.3932622,2.68
75.0,2.0,2.0,1,0.0,3,0.0,40.8105789,29.3874568,2.39
100.0,3.0,1.0,1,0.0,4,0.0,40.8066419,29.3932622,2.85
90.0,2.0,3.0,1,5.0,7,0.0,40.7711951,29.9241801,3.15
130.0,3.0,2.0,1,0.0,4,0.0,40.8359257,29.4005185,2.72
95.0,2.0,1.0,1,2.0,3,0.0,40.7740571,29.8265492,2.45
44.0,1.0,1.0,1,0.0,4,0.0,40.78845039999999,29.9711627,2.6
160.0,4.0,3.0,1,11.0,3,0.0,40.78845039999999,29.9711627,3.5
75.0,1.0,1.0,1,5.0,3,0.0,40.7593509,29.8742885,1.895
320.0,4.0,2.0,2,21.0,2,0.0,40.7195576,30.1069594,10.455
120.0,3.0,1.0,1,11.0,5,0.0,40.7610979,29.9494804,1.415
115.0,3.0,2.0,1,4.0,3,0.0,40.7365963,30.0231861,2.59
110.0,3.0,2.0,4,0.0,4,0.0,40.7064933,29.9827252,3.29
150.0,4.0,2.0,2,0.0,4,0.0,40.7064933,29.9827252,4.24
170.0,3.0,3.0,2,4.0,3,0.0,40.7806769,29.3656846,4.1
80.0,2.0,2.0,1,5.0,3,0.0,40.7064933,29.9827252,2.55
100.0,2.0,5.0,1,21.0,6,0.0,40.7625464,29.9118896,1.0
110.0,2.0,2.0,1,5.0,3,0.0,40.7617966,29.3918108,2.75
160.0,4.0,2.0,2,5.0,3,0.0,40.7013674,29.8337835,2.55
80.0,2.0,2.0,2,21.0,5,0.0,40.706641,29.696221,2.2
110.0,3.0,2.0,1,4.0,3,0.0,40.7365963,30.0231861,2.45
70.0,2.0,1.0,1,0.0,3,0.0,40.7147344,29.9538172,2.4
85.0,2.0,2.0,1,5.0,3,0.0,40.7764794,29.3932622,2.489
105.0,3.0,9.0,1,21.0,9,1.0,40.77345750000001,29.4498523,3.25
38.0,1.0,2.0,1,0.0,3,0.0,40.81542,29.929028,1.6
155.0,4.0,2.0,2,0.0,4,0.0,40.7365963,30.0231861,4.95
60.0,2.0,3.0,1,11.0,4,1.0,40.795564,29.883291,1.325
100.0,2.0,2.0,1,0.0,3,0.0,40.72833540000001,30.0520793,2.75
110.0,3.0,2.0,2,0.0,3,1.0,40.7147344,29.9538172,4.25
90.0,2.0,3.0,1,4.0,4,1.0,40.7365963,30.0231861,2.65
120.0,3.0,2.0,1,0.0,3,0.0,40.7147344,29.9538172,3.7
85.0,2.0,2.0,1,5.0,3,1.0,40.7438656,30.0463012,2.99
112.0,2.0,2.0,1,0.0,6,0.0,40.78845039999999,29.9711627,5.306
80.0,2.0,2.0,1,0.0,3,0.0,40.7147344,29.9538172,2.7
75.0,2.0,2.0,1,0.0,4,0.0,40.7147344,29.9538172,2.25
90.0,3.0,2.0,2,0.0,4,0.0,40.8283772,29.3860054,2.7
110.0,3.0,2.0,1,0.0,3,0.0,40.7502682,29.7715563,2.8
120.0,3.0,2.0,1,11.0,6,1.0,40.7905943,29.7599761,2.175
95.0,2.0,3.0,1,1.0,5,0.0,40.7765666,29.9256259,3.5
120.0,4.0,4.0,2,0.0,4,0.0,40.8283772,29.3860054,4.0
85.0,1.0,3.0,1,0.0,4,1.0,40.6944072,29.9682719,3.25
125.0,3.0,4.0,1,0.0,4,0.0,40.697935,29.9436979,3.1
100.0,3.0,2.0,1,0.0,3,0.0,40.7896467,29.3918108,2.8
140.0,3.0,2.0,1,0.0,3,0.0,40.7139441,29.7730038,3.75
85.0,2.0,3.0,1,2.0,4,0.0,40.8361956,29.3787483,2.25
220.0,5.0,2.0,3,21.0,2,0.0,40.7947045,29.3569749,13.5
105.0,2.0,2.0,1,4.0,3,0.0,40.8216853,29.4266385,2.65
75.0,2.0,2.0,1,0.0,4,0.0,40.8176435,29.3787483,1.575
146.0,4.0,2.0,2,0.0,5,1.0,40.7365963,30.0231861,4.95
245.0,4.0,2.0,3,2.0,3,1.0,40.7096172,30.1416089,8.15
75.0,2.0,1.0,1,0.0,3,0.0,40.7008827,30.1156226,2.5
80.0,2.0,2.0,1,0.0,3,0.0,40.77684319999999,29.7512903,2.5
120.0,3.0,3.0,1,3.0,3,0.0,40.7520434,30.0217413,2.75
60.0,1.0,2.0,1,1.0,3,0.0,40.7147344,29.9538172,1.999
150.0,4.0,2.0,2,1.0,3,0.0,40.6953301,29.8713957,4.5
95.0,2.0,2.0,1,0.0,3,0.0,40.7896467,29.3918108,2.245
55.0,1.0,3.0,1,4.0,4,0.0,40.758402,30.0116271,1.85
200.0,5.0,2.0,2,11.0,3,0.0,40.7665482,29.9465892,4.5
51.0,1.0,2.0,1,3.0,3,0.0,40.7765666,29.9256259,1.68
120.0,2.0,2.0,1,0.0,4,0.0,40.8283772,29.3860054,2.25
140.0,4.0,1.0,2,0.0,4,1.0,40.7365963,30.0231861,4.95
210.0,4.0,2.0,2,0.0,3,0.0,40.7870595,29.4135791,4.5
140.0,3.0,3.0,1,21.0,4,0.0,40.7645032,29.8439109,1.875
85.0,2.0,2.0,1,4.0,4,0.0,40.7806769,29.3656846,2.225
130.0,3.0,2.0,1,1.0,4,1.0,40.7807635,29.7947139,4.75
70.0,2.0,2.0,1,2.0,1,0.0,41.0117009,30.2082564,7.15
118.0,3.0,2.0,1,2.0,4,0.0,40.8228769,29.3932622,2.4
99.0,3.0,3.0,1,0.0,5,1.0,40.7139441,29.7730038,4.6
100.0,2.0,1.0,1,0.0,3,0.0,40.7548512,30.0361888,1.69
80.0,2.0,2.0,1,5.0,4,0.0,40.824215,29.372234,2.13
130.0,2.0,3.0,1,0.0,3,0.0,40.7548512,30.0361888,1.9
83.0,2.0,3.0,1,0.0,5,0.0,40.7139441,29.7730038,3.7
135.0,3.0,3.0,2,0.0,3,0.0,40.7548512,30.0361888,2.5
90.0,2.0,1.0,1,0.0,3,0.0,40.7520434,30.0217413,1.9
120.0,2.0,3.0,1,0.0,3,0.0,40.7520434,30.0217413,2.5
40.0,1.0,3.0,1,0.0,3,1.0,40.81542,29.929028,1.55
135.0,2.0,4.0,2,3.0,4,0.0,40.7999983,29.3671362,3.5
165.0,4.0,2.0,2,5.0,4,0.0,40.7870595,29.4135791,4.0
90.0,2.0,2.0,1,0.0,3,0.0,40.7764794,29.3932622,2.71
171.0,4.0,4.0,3,0.0,5,1.0,40.7139441,29.7730038,7.0
110.0,3.0,2.0,1,0.0,3,0.0,40.7365963,30.0231861,2.9
355.0,1.0,2.0,0,5.0,3,0.0,40.7106363,29.8337835,14.0
65.0,1.0,1.0,1,16.0,5,0.0,40.7690192,29.9379151,2.7
80.0,2.0,2.0,1,0.0,3,0.0,40.7502682,29.7715563,2.3
100.0,2.0,3.0,1,0.0,8,0.0,40.800946,29.995282,2.8
100.0,2.0,2.0,1,0.0,4,0.0,40.8361956,29.3787483,2.15
145.0,3.0,5.0,2,21.0,7,0.0,40.7665482,29.9465892,3.0
80.0,2.0,2.0,1,0.0,4,0.0,40.8283772,29.3860054,2.6
155.0,4.0,3.0,2,1.0,3,0.0,40.7734692,29.9892286,4.6
125.0,3.0,3.0,1,5.0,3,0.0,40.7074291,29.9306863,2.675
120.0,3.0,2.0,1,11.0,2,1.0,40.7008827,30.1156226,7.0
50.0,1.0,2.0,1,5.0,3,0.0,40.7749374,29.9089976,1.44
90.0,2.0,2.0,1,21.0,4,0.0,40.7618084,29.8207615,1.53
85.0,2.0,1.0,1,0.0,3,0.0,40.7387377,30.0723009,2.45
190.0,4.0,2.0,3,0.0,2,1.0,40.7034787,29.8916441,8.75
100.0,2.0,3.0,1,5.0,4,0.0,40.7042886,29.8439109,2.1
130.0,3.0,2.0,1,5.0,3,0.0,40.7635231,29.9003211,2.395
150.0,4.0,2.0,2,11.0,4,0.0,40.78985660000001,29.3743939,2.6
50.0,1.0,2.0,1,0.0,3,0.0,40.7548512,30.0361888,1.775
190.0,4.0,3.0,2,2.0,3,1.0,40.7064933,29.9827252,3.75
180.0,3.0,2.0,3,0.0,2,1.0,40.7365963,30.0231861,8.25
120.0,3.0,3.0,2,0.0,3,0.0,40.7502682,29.7715563,3.375
125.0,3.0,2.0,1,4.0,4,0.0,40.78985660000001,29.3743939,3.25
213.0,5.0,4.0,2,5.0,4,0.0,40.8359257,29.4005185,5.8
145.0,3.0,3.0,1,0.0,3,0.0,40.7618084,29.8207615,2.79
220.0,4.0,3.0,2,5.0,3,0.0,40.7870595,29.4135791,3.75
80.0,2.0,2.0,1,0.0,4,0.0,40.78845039999999,29.9711627,3.8
120.0,3.0,3.0,1,0.0,3,0.0,40.7502682,29.7715563,2.9
125.0,3.0,2.0,1,11.0,5,1.0,40.7659429,29.7570809,3.925
128.0,4.0,3.0,2,0.0,3,0.0,40.7365963,30.0231861,4.6
145.0,5.0,2.0,2,5.0,5,0.0,40.7502682,29.7715563,3.9
100.0,2.0,5.0,1,11.0,6,0.0,40.7613341,29.9364694,2.55
125.0,3.0,2.0,1,5.0,4,0.0,40.7106363,29.8337835,2.54
80.0,2.0,1.0,1,3.0,5,0.0,40.7502682,29.7715563,2.3
50.0,3.0,2.0,1,11.0,1,0.0,40.891816,29.533105,1.1
115.0,3.0,2.0,1,0.0,3,0.0,40.7365963,30.0231861,2.725
115.0,3.0,2.0,1,1.0,4,0.0,40.7147344,29.9538172,2.6
45.0,1.0,3.0,1,5.0,5,0.0,40.81542,29.929028,1.73
180.0,4.0,3.0,2,4.0,3,0.0,40.7764794,29.3932622,3.725
130.0,3.0,2.0,1,0.0,3,0.0,40.7147344,29.9538172,3.1
180.0,3.0,4.0,1,4.0,5,0.0,40.7702518,29.8685028,3.75
170.0,3.0,4.0,1,3.0,5,0.0,40.7702518,29.8685028,3.75
100.0,4.0,2.0,3,0.0,1,0.0,40.7438656,30.0463012,1.94
230.0,4.0,4.0,2,5.0,5,0.0,40.8117542,29.3540715,3.6
125.0,3.0,2.0,1,5.0,4,0.0,40.7147344,29.9538172,3.1
150.0,3.0,2.0,4,2.0,2,0.0,40.97778,29.889944,6.6
90.0,2.0,2.0,1,0.0,4,0.0,40.7617966,29.3918108,2.75
160.0,3.0,2.0,2,0.0,3,0.0,40.78985660000001,29.3743939,2.98
890.0,3.0,2.0,1,0.0,2,0.0,41.017096,30.13315769999999,3.85
73.0,2.0,1.0,1,0.0,3,0.0,40.7438656,30.0463012,2.15
145.0,3.0,2.0,2,0.0,3,0.0,40.71265229999999,29.9408065,3.75
160.0,4.0,2.0,1,11.0,3,0.0,40.753727,29.7961611,3.175
140.0,3.0,2.0,1,5.0,4,0.0,40.7764794,29.3932622,3.1
105.0,3.0,4.0,1,21.0,4,0.0,40.7999983,29.3671362,1.95
180.0,4.0,2.0,2,5.0,3,0.0,40.753727,29.7961611,4.25
120.0,3.0,2.0,2,11.0,8,0.0,40.7766241,29.9436979,2.69
140.0,3.0,3.0,2,0.0,4,0.0,40.7147344,29.9538172,3.4
200.0,3.0,4.0,2,3.0,5,1.0,40.7635231,29.9003211,5.25
75.0,2.0,2.0,2,0.0,3,0.0,40.7896467,29.3918108,2.275
130.0,2.0,3.0,2,4.0,3,1.0,40.6918869,29.9364694,2.625
120.0,3.0,1.0,1,21.0,5,0.0,40.778752,29.693799,2.175
95.0,2.0,3.0,2,4.0,4,1.0,40.861767,29.576103,2.1
110.0,3.0,2.0,1,21.0,4,0.0,40.708765,29.738127,2.1
140.0,3.0,3.0,2,5.0,3,0.0,40.71265229999999,29.9408065,2.85
80.0,2.0,2.0,1,5.0,4,0.0,40.8105789,29.3874568,1.585
140.0,2.0,2.0,1,0.0,3,0.0,40.7438656,30.0463012,2.7
130.0,3.0,1.0,1,0.0,5,1.0,40.7365963,30.0231861,3.8
90.0,2.0,2.0,1,16.0,4,0.0,40.7636197,29.3685878,2.6
140.0,3.0,2.0,2,0.0,3,0.0,40.7365963,30.0231861,2.7
85.0,3.0,1.0,1,2.0,4,0.0,40.7548512,30.0361888,1.995
150.0,3.0,2.0,1,0.0,3,0.0,40.7130973,29.8251023,3.5
180.0,3.0,5.0,1,0.0,5,1.0,40.7365963,30.0231861,4.35
128.0,4.0,2.0,3,0.0,3,0.0,40.71265229999999,29.9408065,3.95
124.0,4.0,2.0,3,0.0,3,0.0,40.71265229999999,29.9408065,3.75
125.0,3.0,3.0,2,0.0,3,1.0,40.7365963,30.0231861,3.6
140.0,3.0,2.0,2,0.0,3,0.0,40.7548512,30.0361888,2.55
120.0,3.0,5.0,1,21.0,5,0.0,40.7188846,29.7780698,1.45
160.0,5.0,4.0,3,0.0,4,0.0,40.7956379,29.4077745,4.1
110.0,3.0,5.0,1,21.0,5,0.0,40.790836,29.4208345,2.05
110.0,3.0,2.0,1,5.0,5,0.0,40.790836,29.4208345,4.0
104.0,2.0,3.0,2,0.0,3,0.0,40.8006714,29.9769441,3.1
90.0,2.0,4.0,1,16.0,4,0.0,40.8015696,29.4280895,2.58
90.0,2.0,2.0,1,21.0,3,1.0,40.7532944,29.8222085,1.75
125.0,3.0,3.0,1,0.0,3,0.0,40.7548512,30.0361888,2.66
110.0,3.0,1.0,1,0.0,3,1.0,40.7365963,30.0231861,2.299999
60.0,1.0,2.0,1,0.0,3,1.0,40.7266596,29.9769441,1.649
103.0,2.0,5.0,1,21.0,5,0.0,40.7789789,29.8091854,1.69
95.0,2.0,2.0,2,5.0,3,1.0,40.861767,29.576103,2.65
110.0,3.0,1.0,1,3.0,3,1.0,40.78845039999999,29.9711627,3.0
190.0,4.0,3.0,2,0.0,3,0.0,40.7617966,29.3918108,5.5
139.0,3.0,2.0,2,0.0,3,0.0,40.7705517,29.8511443,4.0
120.0,3.0,4.0,1,5.0,4,1.0,40.7905943,29.7599761,2.5
160.0,2.0,3.0,2,0.0,3,0.0,40.7792896,29.4164813,3.49
170.0,4.0,3.0,2,0.0,3,0.0,40.7617966,29.3918108,3.595
60.0,1.0,2.0,1,4.0,3,0.0,40.7747821,29.9176735,1.85
90.0,2.0,1.0,2,16.0,7,1.0,40.8248688,29.4193834,2.15
90.0,2.0,2.0,1,0.0,4,0.0,40.8359257,29.4005185,2.3
90.0,2.0,2.0,1,5.0,4,0.0,40.8283772,29.3860054,1.87
80.0,2.0,3.0,1,2.0,4,1.0,40.7064933,29.9827252,2.975
90.0,2.0,6.0,1,21.0,6,0.0,40.8015696,29.4280895,2.75
95.0,2.0,2.0,2,5.0,3,0.0,40.7665482,29.9465892,2.35
100.0,2.0,3.0,1,21.0,4,0.0,40.7683026,29.9769441,2.975
77.0,2.0,5.0,1,11.0,9,1.0,40.7804258,29.9465892,1.92
85.0,2.0,1.0,1,5.0,5,0.0,40.7625464,29.9118896,2.575
80.0,2.0,2.0,1,11.0,4,1.0,40.795564,29.883291,1.4
155.0,3.0,2.0,1,0.0,3,1.0,40.7365963,30.0231861,4.2
130.0,3.0,2.0,1,2.0,4,1.0,40.708606,29.8164206,2.85
70.0,1.0,4.0,1,0.0,5,0.0,40.6944072,29.9682719,2.45
135.0,3.0,2.0,1,0.0,3,0.0,40.7806769,29.3656846,3.24
100.0,2.0,2.0,1,0.0,3,0.0,40.78985660000001,29.3743939,2.7
40.0,1.0,1.0,1,5.0,5,1.0,40.800946,29.995282,1.69
95.0,2.0,1.0,1,0.0,3,0.0,40.7806769,29.3656846,2.8
100.0,2.0,2.0,1,0.0,3,0.0,40.7617966,29.3918108,2.585
185.0,4.0,1.0,2,0.0,3,0.0,40.7764794,29.3932622,2.8
90.0,2.0,2.0,1,0.0,3,0.0,40.7896467,29.3918108,2.475
175.0,4.0,2.0,1,0.0,3,0.0,40.7764794,29.3932622,4.05
78.0,3.0,1.0,2,0.0,7,1.0,40.7921818,29.436795,3.2
90.0,2.0,2.0,1,0.0,3,0.0,40.78985660000001,29.3743939,1.85
75.0,2.0,1.0,1,0.0,3,0.0,40.7807635,29.7947139,2.6
350.0,6.0,2.0,0,0.0,2,0.0,40.699608,30.097044,15.0
165.0,3.0,3.0,2,0.0,3,0.0,40.7896467,29.3918108,3.34
125.0,3.0,3.0,1,0.0,3,0.0,40.7365963,30.0231861,2.55
40.0,1.0,6.0,1,0.0,6,0.0,40.78845039999999,29.9711627,2.75
135.0,3.0,2.0,1,0.0,2,0.0,40.7807635,29.7947139,3.4
95.0,3.0,1.0,1,0.0,2,0.0,40.7807635,29.7947139,3.4
130.0,3.0,3.0,1,5.0,3,1.0,40.7438656,30.0463012,3.1
110.0,3.0,3.0,1,4.0,3,0.0,40.7074291,29.9306863,2.35
100.0,2.0,2.0,1,0.0,2,0.0,40.7807635,29.7947139,3.2
100.0,2.0,2.0,1,0.0,2,0.0,40.7807635,29.7947139,3.1
140.0,3.0,3.0,1,0.0,3,0.0,40.7614938,29.7932666,3.05
90.0,2.0,3.0,1,0.0,4,0.0,40.8283772,29.3860054,2.19
80.0,2.0,2.0,1,0.0,5,0.0,40.8176435,29.3787483,1.765
140.0,3.0,2.0,2,4.0,4,1.0,40.7365963,30.0231861,3.85
170.0,4.0,2.0,2,5.0,2,0.0,40.7107208,29.9191194,4.75
110.0,3.0,3.0,1,5.0,7,0.0,40.860199,29.388468,2.65
150.0,3.0,2.0,2,4.0,5,0.0,40.790836,29.4208345,6.5
180.0,4.0,2.0,2,0.0,3,0.0,40.7806769,29.3656846,4.7
90.0,2.0,2.0,1,16.0,3,0.0,40.7947045,29.3569749,1.8
130.0,3.0,3.0,1,0.0,3,1.0,40.7765666,29.9256259,4.95
90.0,2.0,5.0,1,4.0,5,0.0,40.7685945,29.9079131,1.9
115.0,3.0,8.0,2,3.0,15,1.0,40.8257564,29.4701613,4.5
215.0,5.0,3.0,2,3.0,3,0.0,40.7812258,29.384554,3.789
177.0,3.0,2.0,2,4.0,4,1.0,40.7147344,29.9538172,7.999999
170.0,4.0,1.0,2,3.0,5,0.0,40.7956379,29.4077745,4.3
240.0,4.0,2.0,2,11.0,3,1.0,40.7147344,29.9538172,10.78
130.0,3.0,2.0,1,0.0,3,0.0,40.7387377,30.0723009,2.4
120.0,3.0,3.0,2,0.0,3,0.0,40.7502682,29.7715563,3.3
200.0,4.0,3.0,3,5.0,3,1.0,40.7747821,29.9176735,6.75
120.0,3.0,1.0,1,0.0,4,0.0,40.6953781,29.8222085,2.85
110.0,3.0,2.0,1,0.0,3,0.0,40.7147344,29.9538172,2.85
75.0,2.0,2.0,1,21.0,4,0.0,40.7583923,29.3852797,1.25
130.0,3.0,3.0,1,3.0,5,0.0,40.8055082,29.4222855,2.92
125.0,3.0,3.0,1,5.0,4,0.0,40.7617966,29.3918108,5.65
140.0,3.0,3.0,2,5.0,4,0.0,40.7636197,29.3685878,5.2
220.0,5.0,3.0,1,11.0,3,1.0,40.7806769,29.3656846,3.65
80.0,2.0,2.0,1,5.0,4,0.0,40.7896467,29.3918108,2.15
115.0,3.0,3.0,2,0.0,3,0.0,40.7548512,30.0361888,2.9
80.0,2.0,2.0,1,5.0,4,0.0,40.7956379,29.4077745,1.85
80.0,2.0,2.0,1,21.0,4,0.0,40.7658231,29.92273419999999,1.95
98.0,2.0,2.0,2,0.0,3,0.0,40.6834256,29.5890568,6.15
150.0,4.0,1.0,2,0.0,4,0.0,40.6918869,29.9364694,3.9
130.0,3.0,2.0,2,5.0,3,0.0,40.7438656,30.0463012,3.19
85.0,2.0,2.0,1,0.0,3,1.0,40.7947045,29.3569749,2.65
115.0,4.0,3.0,1,11.0,3,0.0,40.7042886,29.8439109,3.8
140.0,3.0,2.0,1,0.0,4,0.0,40.7147344,29.9538172,3.15
94.0,2.0,6.0,1,0.0,8,0.0,40.800946,29.995282,2.875
92.0,2.0,2.0,1,0.0,4,1.0,40.7365963,30.0231861,3.8
120.0,3.0,1.0,1,0.0,3,0.0,40.7365963,30.0231861,2.9
115.0,3.0,5.0,1,21.0,5,1.0,40.708765,29.738127,1.965
180.0,3.0,3.0,2,5.0,4,1.0,40.7593509,29.8742885,4.6
111.0,3.0,2.0,1,0.0,4,1.0,40.7365963,30.0231861,4.25
75.0,2.0,1.0,1,1.0,7,0.0,40.77316889999999,29.9639357,1.7
110.0,3.0,3.0,1,21.0,3,0.0,40.7617966,29.3918108,3.3
98.0,3.0,2.0,1,0.0,3,0.0,40.7147344,29.9538172,3.1
90.0,2.0,1.0,3,0.0,4,0.0,40.6918869,29.9364694,1.75
69.0,1.0,2.0,2,5.0,1,0.0,41.052096,29.967234,2.77
95.0,2.0,2.0,1,0.0,3,0.0,40.7266596,29.9769441,2.075
125.0,3.0,2.0,1,0.0,3,0.0,40.6918869,29.9364694,2.9
150.0,3.0,1.0,1,0.0,4,0.0,40.8188859,29.403421,3.5
95.0,2.0,4.0,1,11.0,4,0.0,40.7999983,29.3671362,2.49
80.0,2.0,4.0,1,5.0,4,0.0,40.8359257,29.4005185,1.67
80.0,2.0,2.0,2,0.0,2,1.0,40.6944072,29.9682719,5.95
110.0,3.0,2.0,1,5.0,3,0.0,40.7618084,29.8207615,2.525
103.0,3.0,7.0,2,11.0,14,1.0,40.8257564,29.4701613,3.25
120.0,3.0,3.0,1,11.0,5,0.0,40.7747821,29.9176735,3.15
80.0,2.0,1.0,1,21.0,6,0.0,40.771117,29.9285176,2.375
150.0,3.0,2.0,2,5.0,3,1.0,40.7147344,29.9538172,2.8
90.0,2.0,3.0,1,0.0,4,0.0,40.8188859,29.403421,3.1
125.0,3.0,2.0,1,5.0,2,0.0,40.7387377,30.0723009,2.55
90.0,2.0,2.0,1,0.0,4,1.0,40.7064933,29.9827252,2.75
70.0,2.0,1.0,1,0.0,3,0.0,40.77684319999999,29.7512903,2.1
112.0,3.0,2.0,2,5.0,5,1.0,40.7789789,29.8091854,3.1
66.0,2.0,3.0,1,0.0,4,1.0,40.7365963,30.0231861,2.5
100.0,3.0,3.0,1,16.0,12,0.0,40.7804057,29.9892286,2.135
75.0,2.0,3.0,1,21.0,3,0.0,40.7520434,30.0217413,1.435
85.0,2.0,2.0,1,5.0,4,0.0,40.7765666,29.9256259,2.8
65.0,1.0,3.0,1,5.0,4,1.0,40.7765666,29.9256259,1.49
95.0,2.0,4.0,1,21.0,6,0.0,40.7675686,29.932855,1.69
162.0,4.0,2.0,3,0.0,4,1.0,40.81542,29.929028,7.0
38.0,1.0,2.0,1,0.0,3,0.0,40.81542,29.929028,1.4
90.0,2.0,2.0,1,21.0,1,0.0,40.8105789,29.3874568,1.575
110.0,2.0,4.0,1,5.0,5,1.0,40.7604584,29.8091854,2.45
145.0,3.0,1.0,2,5.0,3,1.0,40.7266596,29.9769441,7.0
75.0,2.0,3.0,1,21.0,4,0.0,40.7665482,29.9465892,1.3
70.0,2.0,2.0,1,0.0,4,0.0,40.7147344,29.9538172,2.3
110.0,3.0,3.0,1,0.0,4,1.0,40.819435,29.974783,2.85
125.0,3.0,1.0,2,0.0,4,0.0,40.697935,29.9436979,3.5
95.0,2.0,2.0,1,4.0,3,0.0,40.7074291,29.9306863,3.3
100.0,2.0,2.0,1,11.0,4,0.0,40.8359257,29.4005185,2.0
120.0,3.0,1.0,1,21.0,4,0.0,40.7630784,29.9252645,2.0
70.0,2.0,2.0,1,2.0,4,1.0,40.758402,30.0116271,4.5
90.0,2.0,2.0,1,2.0,3,0.0,40.7438656,30.0463012,2.05
165.0,4.0,2.0,3,0.0,5,0.0,40.7147344,29.9538172,3.5
44.0,3.0,2.0,1,0.0,4,0.0,40.7659429,29.7570809,1.47
115.0,3.0,2.0,1,0.0,3,0.0,40.7365963,30.0231861,2.499999
47.0,1.0,2.0,1,5.0,5,0.0,40.7690192,29.9379151,1.195
88.0,2.0,1.0,1,3.0,4,0.0,40.8106236,29.4455,2.525
90.0,2.0,3.0,1,0.0,3,0.0,40.7548512,30.0361888,2.15
150.0,3.0,3.0,2,0.0,3,1.0,40.6944072,29.9682719,3.95
520.0,3.0,2.0,1,2.0,2,1.0,40.683793,29.851405,7.5
293.0,5.0,2.0,2,16.0,2,0.0,40.8184455,29.4382459,2.5
120.0,2.0,5.0,1,4.0,5,1.0,40.7789789,29.8091854,3.425
58.0,1.0,2.0,1,0.0,4,0.0,40.758402,30.0116271,1.65
115.0,3.0,3.0,2,0.0,4,1.0,40.6944072,29.9682719,3.96
144.0,4.0,2.0,2,16.0,2,0.0,40.7266596,29.9769441,4.5
105.0,3.0,4.0,2,21.0,8,0.0,40.7683026,29.9769441,3.7
80.0,2.0,6.0,1,11.0,6,0.0,40.8670847,29.3801998,2.1
120.0,3.0,6.0,1,11.0,6,0.0,40.7857558,29.4556552,2.45
100.0,2.0,3.0,2,0.0,4,0.0,40.8283772,29.3860054,2.32
120.0,3.0,1.0,1,21.0,5,0.0,40.75283570000001,29.803397,1.45
120.0,2.0,2.0,1,0.0,3,0.0,40.7147344,29.9538172,3.1
110.0,3.0,2.0,2,0.0,4,0.0,40.8283772,29.3860054,2.0
110.0,2.0,4.0,2,1.0,4,0.0,40.67258229999999,29.97983469999999,5.0
80.0,2.0,1.0,1,5.0,5,0.0,40.7659429,29.7570809,3.75
200.0,5.0,5.0,2,2.0,5,0.0,40.8188859,29.403421,0.02
120.0,3.0,2.0,1,5.0,3,0.0,40.7764794,29.3932622,2.35
100.0,2.0,1.0,1,11.0,3,0.0,40.770276,29.987535,2.77
120.0,3.0,6.0,1,21.0,7,0.0,40.759922,29.9292405,3.65
85.0,2.0,4.0,1,21.0,4,0.0,40.759922,29.9292405,2.65
100.0,2.0,2.0,1,0.0,4,0.0,40.8283772,29.3860054,2.31
210.0,4.0,4.0,2,11.0,4,0.0,40.7634588,29.85982379999999,6.1
130.0,3.0,1.0,1,5.0,2,0.0,40.7190831,29.8366771,2.26
125.0,3.0,3.0,1,0.0,3,0.0,40.758402,30.0116271,2.95
88.0,2.0,2.0,1,0.0,4,1.0,40.7365963,30.0231861,2.55
125.0,3.0,2.0,1,11.0,6,0.0,40.7616073,29.9212883,3.0
200.0,5.0,2.0,3,2.0,3,0.0,41.187255,30.255321,6.45
85.0,2.0,4.0,1,0.0,5,0.0,40.7659429,29.7570809,2.95
110.0,3.0,3.0,2,4.0,4,0.0,40.8283772,29.3860054,2.62
100.0,3.0,2.0,1,0.0,3,0.0,40.7400611,30.0029572,2.575
165.0,3.0,2.0,3,16.0,5,1.0,40.77345750000001,29.4498523,7.25
80.0,2.0,2.0,1,4.0,1,0.0,40.959323,29.983749,4.75
95.0,2.0,1.0,1,0.0,3,0.0,40.78985660000001,29.3743939,2.4
110.0,3.0,1.0,1,0.0,3,0.0,40.7896467,29.3918108,2.8
160.0,3.0,1.0,1,0.0,3,0.0,40.78985660000001,29.3743939,2.798
90.0,2.0,1.0,1,0.0,3,0.0,40.7896467,29.3918108,2.2
95.0,2.0,1.0,1,0.0,3,0.0,40.7896467,29.3918108,2.3
95.0,2.0,2.0,1,4.0,3,0.0,40.7365963,30.0231861,1.885
145.0,4.0,2.0,2,0.0,2,0.0,40.6896527,29.8873054,5.915
220.0,4.0,2.0,3,0.0,2,0.0,40.7636197,29.3685878,6.4
118.0,3.0,5.0,1,21.0,7,0.0,40.7683026,29.9769441,3.2
58.0,1.0,1.0,1,0.0,3,1.0,40.7438656,30.0463012,3.0
70.0,2.0,2.0,1,5.0,5,0.0,40.8015696,29.4280895,2.05
180.0,5.0,3.0,2,0.0,3,0.0,40.8283772,29.3860054,4.2
155.0,3.0,2.0,1,2.0,3,0.0,40.7618084,29.8207615,3.1
103.0,2.0,2.0,1,0.0,3,0.0,40.6834256,29.5890568,6.15
112.0,3.0,2.0,2,0.0,3,0.0,40.75283570000001,29.803397,3.25
135.0,3.0,2.0,1,5.0,3,0.0,40.7614938,29.7932666,2.75
178.0,4.0,2.0,2,0.0,3,0.0,40.75283570000001,29.803397,4.25
80.0,2.0,3.0,1,16.0,3,0.0,40.7013674,29.8337835,1.559
101.0,3.0,5.0,2,0.0,5,1.0,40.6944072,29.9682719,3.98
85.0,2.0,3.0,1,5.0,4,0.0,40.793316,29.9581538,2.875
100.0,2.0,2.0,1,0.0,3,0.0,40.7438656,30.0463012,2.25
165.0,4.0,2.0,3,0.0,4,0.0,40.6944072,29.9682719,4.355
85.0,2.0,2.0,1,0.0,4,0.0,40.7365963,30.0231861,2.55
65.0,1.0,3.0,1,0.0,4,0.0,40.7548512,30.0361888,1.75
105.0,3.0,2.0,2,0.0,3,0.0,40.7438656,30.0463012,2.675
110.0,3.0,1.0,1,11.0,5,0.0,40.759922,29.9292405,2.98
127.0,3.0,5.0,1,21.0,5,0.0,40.7631567,29.8323367,1.84
175.0,4.0,2.0,3,0.0,4,0.0,40.6944072,29.9682719,4.555
132.0,3.0,2.0,1,5.0,4,0.0,40.8283772,29.3860054,3.75
100.0,3.0,2.0,1,11.0,5,0.0,40.8283772,29.3860054,2.83
85.0,2.0,2.0,1,0.0,4,0.0,40.6944072,29.9682719,2.549
110.0,3.0,1.0,1,5.0,3,0.0,40.8361956,29.3787483,2.8
220.0,4.0,3.0,2,5.0,4,0.0,40.7634588,29.85982379999999,5.6
140.0,4.0,4.0,2,21.0,4,0.0,40.8283772,29.3860054,1.5
120.0,3.0,1.0,1,0.0,3,0.0,40.7870595,29.4135791,2.42
85.0,2.0,3.0,1,3.0,4,1.0,41.0720634,30.1355413,2.95
178.0,4.0,2.0,3,3.0,1,1.0,40.81542,29.929028,25.0
100.0,2.0,2.0,1,5.0,4,1.0,40.7789789,29.8091854,2.85
95.0,2.0,3.0,1,0.0,4,0.0,40.7807635,29.7947139,2.65
50.0,1.0,1.0,1,5.0,3,0.0,40.7690192,29.9379151,1.55
75.0,2.0,2.0,2,11.0,5,0.0,40.78985660000001,29.3743939,1.45
90.0,2.0,2.0,1,0.0,5,0.0,40.7548512,30.0361888,2.89
90.0,2.0,3.0,1,0.0,3,0.0,40.8188859,29.403421,2.45
170.0,4.0,5.0,1,0.0,5,0.0,40.7548512,30.0361888,5.25
225.0,5.0,3.0,3,11.0,3,0.0,40.7683026,29.9769441,8.5
150.0,3.0,2.0,1,5.0,4,0.0,40.7645032,29.8439109,3.18
155.0,3.0,1.0,2,0.0,3,0.0,40.7147344,29.9538172,2.895
75.0,2.0,3.0,1,0.0,5,0.0,40.7106363,29.8337835,2.75
120.0,3.0,2.0,2,0.0,2,0.0,40.77684319999999,29.7512903,3.6
75.0,2.0,1.0,1,0.0,2,0.0,40.77684319999999,29.7512903,2.475
67.0,2.0,2.0,1,0.0,3,0.0,40.7365963,30.0231861,1.99
160.0,3.0,3.0,2,4.0,3,1.0,40.7387377,30.0723009,5.85
90.0,2.0,2.0,1,0.0,3,0.0,40.7527798,30.0636349,2.15
95.0,2.0,2.0,1,0.0,3,0.0,40.7438656,30.0463012,2.3
140.0,3.0,2.0,2,2.0,3,1.0,40.7365963,30.0231861,3.2
90.0,2.0,2.0,1,0.0,3,0.0,40.78985660000001,29.3743939,2.85
135.0,3.0,2.0,1,5.0,5,0.0,40.7905943,29.7599761,2.85
180.0,4.0,4.0,2,5.0,4,0.0,40.8228769,29.3932622,3.5
175.0,3.0,3.0,1,0.0,3,0.0,40.7636197,29.3685878,7.125
140.0,3.0,2.0,2,0.0,3,0.0,40.7896467,29.3918108,3.1
83.0,2.0,1.0,1,21.0,4,0.0,40.7804258,29.9465892,0.6
130.0,3.0,4.0,1,0.0,4,0.0,40.8117542,29.3540715,4.0
120.0,3.0,2.0,1,11.0,3,0.0,40.7438656,30.0463012,2.13
170.0,4.0,5.0,1,0.0,5,0.0,40.7548512,30.0361888,5.25
82.0,1.0,2.0,1,11.0,3,0.0,40.7074291,29.9306863,1.65
140.0,3.0,1.0,2,11.0,3,0.0,40.7074291,29.9306863,4.15
110.0,3.0,2.0,1,5.0,3,1.0,40.7438656,30.0463012,3.1
145.0,3.0,2.0,1,5.0,3,0.0,40.7074291,29.9306863,2.2
95.0,2.0,2.0,1,21.0,3,0.0,40.7669386,29.3973465,1.65
85.0,2.0,2.0,1,5.0,4,0.0,40.8283772,29.3860054,2.95
85.0,2.0,2.0,1,21.0,4,0.0,40.7947045,29.3569749,3.75
139.0,3.0,2.0,2,0.0,4,1.0,40.6944072,29.9682719,5.7
85.0,2.0,2.0,2,11.0,3,1.0,40.770276,29.987535,2.71
85.0,2.0,2.0,1,3.0,4,0.0,40.7956379,29.4077745,1.875
125.0,3.0,2.0,1,5.0,3,0.0,40.7365963,30.0231861,2.57
160.0,3.0,3.0,2,4.0,3,1.0,40.7387377,30.0723009,5.8
60.0,1.0,2.0,1,4.0,4,0.0,40.77316889999999,29.9639357,1.695
70.0,1.0,2.0,1,4.0,4,1.0,40.758402,30.0116271,2.275
110.0,3.0,1.0,1,21.0,4,0.0,40.7947045,29.3569749,3.75
130.0,3.0,2.0,2,4.0,3,1.0,40.7683026,29.9769441,5.75
100.0,3.0,2.0,1,0.0,3,0.0,40.708606,29.8164206,2.7
135.0,3.0,3.0,1,0.0,3,0.0,40.7614938,29.7932666,3.1
80.0,2.0,2.0,1,21.0,5,0.0,40.7613341,29.9364694,1.7
174.0,4.0,3.0,2,0.0,3,1.0,40.6944072,29.9682719,8.2
90.0,3.0,8.0,1,21.0,8,0.0,40.7685945,29.9079131,1.75
75.0,2.0,1.0,1,0.0,2,0.0,40.7807635,29.7947139,2.75
30.0,1.0,2.0,1,0.0,2,0.0,40.7096172,30.1416089,0.36
70.0,2.0,2.0,1,16.0,2,0.0,40.6953781,29.8222085,1.75
40.0,1.0,2.0,1,0.0,2,0.0,41.171289,30.228028,0.48
60.0,1.0,2.0,1,11.0,9,1.0,40.7807635,29.7947139,1.825
120.0,3.0,2.0,1,0.0,4,0.0,40.7548512,30.0361888,3.3
90.0,2.0,2.0,1,0.0,4,0.0,40.7548512,30.0361888,2.6
200.0,2.0,3.0,1,5.0,3,0.0,40.8106236,29.4455,3.75
125.0,3.0,1.0,2,0.0,3,0.0,40.7679064,29.7787935,3.75
100.0,2.0,2.0,1,4.0,4,0.0,40.8361956,29.3787483,1.86
90.0,2.0,2.0,1,0.0,4,0.0,40.6944072,29.9682719,2.5
90.0,2.0,2.0,1,0.0,3,0.0,40.7812258,29.384554,2.7
110.0,2.0,3.0,2,0.0,8,1.0,40.8359257,29.4005185,4.5
125.0,3.0,2.0,1,11.0,3,0.0,40.7593509,29.8742885,4.35
90.0,2.0,2.0,1,0.0,4,0.0,40.7618084,29.8207615,2.15
155.0,4.0,2.0,2,0.0,4,0.0,40.7147344,29.9538172,3.25
130.0,3.0,1.0,2,3.0,3,1.0,40.6944072,29.9682719,4.25
190.0,4.0,4.0,2,5.0,4,0.0,40.7921818,29.436795,4.0
130.0,3.0,2.0,2,0.0,9,1.0,40.795564,29.883291,3.0
175.0,3.0,4.0,2,0.0,4,1.0,40.6944072,29.9682719,3.8
160.0,3.0,3.0,2,5.0,3,0.0,40.7807635,29.7947139,2.5
152.0,3.0,2.0,2,0.0,4,1.0,40.683793,29.851405,3.3
150.0,3.0,3.0,1,4.0,4,0.0,40.7160544,29.8330601,4.55
150.0,3.0,2.0,1,0.0,3,0.0,40.7188846,29.7780698,4.0
130.0,3.0,2.0,1,21.0,4,0.0,40.7616073,29.9212883,2.6
175.0,4.0,2.0,2,0.0,3,0.0,40.7136651,29.7903721,4.35
165.0,3.0,2.0,2,5.0,4,1.0,40.7013674,29.8337835,3.3
90.0,2.0,2.0,2,5.0,3,0.0,40.7806769,29.3656846,2.45
125.0,3.0,2.0,1,0.0,3,0.0,40.7188846,29.7780698,3.75
165.0,3.0,2.0,2,0.0,3,0.0,40.7139441,29.7730038,3.95
139.0,3.0,2.0,2,0.0,4,1.0,40.6944072,29.9682719,5.9
175.0,4.0,3.0,2,3.0,4,1.0,40.81542,29.929028,10.0
165.0,3.0,2.0,2,0.0,3,0.0,40.7139441,29.7730038,2.7
30.0,1.0,2.0,1,0.0,2,0.0,40.965569,29.50148,0.36
148.0,3.0,3.0,2,5.0,5,0.0,40.7147344,29.9538172,5.75
75.0,2.0,2.0,1,5.0,5,0.0,40.8105789,29.3874568,1.7
60.0,2.0,2.0,1,5.0,4,0.0,40.755314,29.3838283,2.5
65.0,2.0,2.0,1,3.0,5,0.0,40.8106236,29.4455,1.85
270.0,5.0,2.0,2,21.0,7,0.0,40.7665482,29.9465892,1.6
130.0,3.0,2.0,1,4.0,3,0.0,40.7659429,29.7570809,6.4
115.0,3.0,2.0,1,21.0,9,1.0,40.7766241,29.9436979,1.95
160.0,4.0,2.0,1,0.0,3,0.0,40.7502682,29.7715563,3.5
145.0,3.0,1.0,1,3.0,3,0.0,40.7807635,29.7947139,2.65
80.0,2.0,2.0,1,0.0,3,0.0,40.7502682,29.7715563,2.3
110.0,3.0,1.0,1,0.0,3,0.0,40.7502682,29.7715563,2.9
130.0,3.0,2.0,1,0.0,1,0.0,40.885772,29.782312,4.5
120.0,3.0,2.0,1,5.0,3,0.0,40.7074291,29.9306863,2.5
110.0,2.0,2.0,1,0.0,2,0.0,40.7190831,29.8366771,2.75
115.0,3.0,2.0,1,21.0,4,0.0,40.7208682,29.8222085,1.6
350.0,7.0,2.0,3,0.0,3,0.0,40.72833540000001,30.0520793,22.0
150.0,3.0,2.0,1,5.0,3,0.0,40.7400611,30.0029572,3.0
65.0,1.0,2.0,1,0.0,3,0.0,40.7548512,30.0361888,1.85
77.0,2.0,1.0,1,11.0,7,0.0,40.800946,29.995282,1.69
149.0,4.0,1.0,1,5.0,3,1.0,40.7010052,29.8554841,3.77
79.0,2.0,2.0,1,0.0,3,1.0,40.7365963,30.0231861,2.199999
59.0,1.0,2.0,1,0.0,3,0.0,40.7548512,30.0361888,1.675
85.0,2.0,1.0,1,0.0,5,0.0,40.7631567,29.8323367,2.0
170.0,4.0,3.0,1,3.0,3,0.0,40.7365963,30.0231861,2.999999
90.0,2.0,4.0,1,16.0,4,0.0,40.78093080000001,29.9610447,0.99
90.0,2.0,3.0,2,0.0,3,0.0,40.7548512,30.0361888,2.25
120.0,3.0,3.0,1,21.0,6,0.0,40.7665482,29.9465892,2.35
120.0,3.0,2.0,1,11.0,4,0.0,40.8283772,29.3860054,2.19
85.0,2.0,2.0,1,21.0,4,0.0,40.78985660000001,29.3743939,1.38
124.0,3.0,6.0,2,0.0,9,1.0,40.795564,29.883291,4.5
160.0,4.0,2.0,2,3.0,7,0.0,40.7921818,29.436795,5.25
175.0,4.0,4.0,2,3.0,4,0.0,40.7764794,29.3932622,3.75
130.0,3.0,2.0,1,11.0,5,1.0,40.7999983,29.3671362,2.9
105.0,3.0,3.0,2,5.0,5,0.0,40.8106236,29.4455,2.9
110.0,3.0,2.0,1,0.0,4,0.0,40.7870595,29.4135791,3.3
115.0,3.0,1.0,1,21.0,7,0.0,40.7106363,29.8337835,1.5
90.0,2.0,2.0,1,0.0,4,0.0,40.7764794,29.3932622,2.735
110.0,3.0,3.0,2,0.0,3,0.0,40.6918869,29.9364694,3.25
90.0,2.0,2.0,1,0.0,3,0.0,40.7764794,29.3932622,3.0
80.0,2.0,2.0,1,0.0,3,0.0,40.7764794,29.3932622,2.25
102.0,3.0,1.0,2,0.0,3,0.0,40.7088279,30.057329,2.79
95.0,1.0,2.0,0,21.0,3,0.0,40.7653053,29.7961611,4.9
110.0,2.0,2.0,2,0.0,4,0.0,40.7896467,29.3918108,2.8
98.0,2.0,2.0,1,5.0,4,0.0,40.7870595,29.4135791,2.3
100.0,2.0,2.0,2,5.0,4,0.0,40.7999983,29.3671362,2.8
120.0,3.0,4.0,2,5.0,5,0.0,40.7127754,29.7976083,3.12
80.0,2.0,2.0,1,5.0,4,0.0,40.7764794,29.3932622,2.2
120.0,2.0,2.0,1,21.0,1,0.0,40.7653053,29.7961611,2.69
90.0,2.0,2.0,1,21.0,3,0.0,40.7653053,29.7961611,4.9
110.0,3.0,2.0,1,0.0,4,0.0,40.7147344,29.9538172,3.1
110.0,3.0,2.0,1,0.0,4,0.0,40.7147344,29.9538172,3.0
145.0,4.0,2.0,2,0.0,4,0.0,40.7147344,29.9538172,3.5
80.0,2.0,1.0,1,3.0,4,1.0,40.753727,29.7961611,2.15
130.0,3.0,2.0,1,3.0,2,0.0,40.7190831,29.8366771,2.745
160.0,3.0,2.0,1,11.0,3,0.0,40.7593509,29.8742885,3.29
